,1: token_001f,2: token_002f,3: token_003f,4: token_004f,5: token_005f,6: token_006f,7: token_007f,8: token_008f,9: token_009f,10: token_010f,11: token_011f,12: token_012f,13: token_013f,14: token_014f,15: token_015f,16: token_016f,17: token_017f,18: token_018f,19: token_019f,20: token_020f,21: token_021f,22: token_022f,23: token_023f,24: token_024f,25: token_025f,26: token_026f,27: token_027f,28: token_028f,29: token_029f,30: token_030f,31: token_031f,32: token_032f,33: token_033f,34: token_034f,35: token_035f,36: token_036f,37: token_037f,38: token_038f,39: token_039f,40: token_040f,41: token_041f,42: token_042f,43: token_043f,44: token_044f,45: token_045f,46: token_046f,47: token_047f,48: token_048f,49: token_049f,50: token_050f,51: token_051f,52: token_052f,53: token_053f,54: token_054f,55: token_055f,56: token_056f,57: token_057f,58: token_058f,59: token_059f,60: token_060f,61: token_061f,62: token_062f,63: token_063f,64: token_064f,65: token_065f,66: token_066f,67: token_067f,68: token_068f,69: token_069f,70: token_070f,71: token_071f,72: token_072f,73: token_073f,74: token_074f,75: token_075f,76: token_076f,77: token_077f,78: token_078f,79: token_079f,80: token_080f,81: token_081f,82: token_082f,83: token_083f,84: token_084f,85: token_085f,86: token_086f,87: token_087f,88: token_088f,89: token_089f,90: token_090f,91: token_091f,92: token_092f,93: token_093f,94: token_094f,95: token_095f,96: token_096f,97: token_097f,98: token_098f,99: token_099f,100: token_100f,101: token_101f,
001c3a16.jpg,0.3580776,0.00713302,0.01078392,0.01336112,0.003987114,0.02159944,0.06223715,0.2639363,0.0167375,0.002584143,0.0137234,0.006429558,0.002025962,0.02119805,0.07856084,0.005218797,0.05354876,0.04258325,0.0006474744,0.02114932,0.04413406,0.004257984,0.09185117,0.002651155,0.01558891,0.0765066,0.01585804,0.1620732,0.05542217,0.0006347306,0.2152813,0.03736239,0.0595617,0.05005813,0.01984891,0.02770741,0.002404587,0.1166868,0.05283076,0.02267915,0.005126311,0.1634047,0.001691686,0.0001823736,0.03689611,0.01093963,0.07519256,0.1442291,0.049515,0.2439698,0.03539414,0.04438617,0.004981264,0.01212089,0.008770023,0.03291304,0.002376707,0.004107529,0.0925614,0.03955396,0.127048,0.002403601,0.03491275,0.02884913,0.04413613,0.0001438986,0.240517,0.03704069,0.01577213,0.006322544,0.003987009,0.04142161,0.004126092,0.09338165,0.007809769,0.09713952,0.02893345,0.02153054,0.0169793,0.0005632755,0.03807077,0.06506613,0.04944949,0.01811926,0.01972004,0.02856501,0.0001934887,0.008231182,0.01062192,0.001094377,0.06233352,0.1011467,0.01335174,0.01537043,0.02152742,0.0123494,0.01049094,0.003486938,0.03157547,0.004541822,0.02883829,
002c3a16.jpg,0.02423359,0.734466,0.04421389,0.004280333,0.005339065,0.01663459,0.08595999,0.01670969,0.05255402,0.005983159,0.05863741,0.03466976,0.009020493,0.02453543,0.02580947,0.01072231,0.0682561,0.06032788,0.02798621,0.002298479,0.01368148,0.04737931,0.006634801,0.00459549,0.01345013,0.008549723,0.01010178,0.0329161,0.02164852,0.005461664,0.03102998,0.02266414,0.005917076,0.05379619,0.09604736,0.0189054,0.01257947,0.001520736,0.07351906,0.0002460335,0.0503507,0.03339461,0.01800197,0.00723496,0.004705619,0.008452882,0.1211999,0.101978,0.02098945,0.1012454,0.01860921,0.01832204,0.01177916,0.01428102,0.001096997,0.001164274,0.03774582,0.009516618,0.0007197192,0.1326096,0.01054633,0.04544948,0.09525444,0.01781768,0.03027596,0.01584788,0.003961985,0.04992789,0.0402688,0.02593468,0.03504713,0.01721867,0.05147433,0.009325908,0.005948418,0.04840906,0.001533162,0.001857794,0.01105489,0.003157766,0.06264377,0.01708375,0.0230671,0.01665706,0.0060203,0.02843243,0.04692559,0.004334525,0.00605001,0.007526772,0.03101382,0.05032775,0.03114989,0.008790903,0.04328256,0.02308222,0.001759646,0.0524988,0.01797638,0.001440961,0.02299917,
003c3a16.jpg,0.008976059,0.08939701,0.1005824,0.02454473,0.0005858639,0.0506922,0.01577407,0.002938888,0.03123469,0.04061597,0.00158212,0.03061139,0.0009715729,0.01564751,0.01754932,0.02804362,0.003727674,0.0806746,0.01004706,0.04592178,0.04789511,0.02017193,0.05869117,0.06782075,0.004870922,0.01766278,0.01825535,0.006400218,0.03053147,0.06196921,0.1858633,0.03183126,0.01287998,0.0674835,0.005008867,0.004413407,0.04468863,0.1122587,0.0101085,0.0558231,0.0003855429,0.01177969,0.01046156,0.02146813,0.01642941,0.03356504,0.02337727,0.02399543,0.005552704,0.06545598,0.01499764,0.0209042,0.00568627,0.02395827,0.06214814,0.04030807,0.023866,0.01310377,0.0102761,0.07124392,0.09703656,0.003912262,0.002561026,0.02158212,0.01942737,0.06114183,0.0006934331,0.00888193,0.0004868885,0.06539134,0.002274347,0.0005964767,0.02894697,0.002721593,0.004623595,0.07006799,0.04024674,0.02499777,0.05304281,0.03605419,0.06552002,0.009703001,0.01856244,0.001900466,0.03638681,4.173726E-05,0.01765935,0.01801177,0.1018161,0.003331574,0.006435846,0.009629876,0.00431004,0.005065479,0.00412769,0.04633881,0.008837812,0.01511099,0.02915728,0.06758906,0.04030329,
005c3a16.jpg,0.02105107,0.03989865,0.009684911,0.06781936,0.491428,0.009706635,0.03965555,0.01044327,0.02008327,0.01748344,0.04616952,0.002790853,0.00425506,0.01688976,0.01447382,0.004149001,0.05278085,0.1078923,0.01747275,0.05859346,0.002959364,0.000320845,0.008580598,0.1045438,0.006585104,0.1341075,0.0009311302,0.08152415,0.009740855,0.001355008,0.00540392,0.01199794,0.009541583,0.007027584,0.05855172,0.0137782,0.001148614,0.04453066,0.02470736,0.05252412,0.1112069,0.02425206,0.05960847,0.005617217,0.02559528,0.1592774,0.003739376,0.03422506,0.003332182,0.1066389,0.002814588,0.01507415,0.02189956,0.01734783,0.04831867,0.03500016,0.06030008,0.01667061,0.04897737,0.0097084,0.01430474,0.01055323,0.007249573,0.006330296,0.0609168,0.01070434,0.1285674,0.01948645,0.07694338,0.05329024,0.01137748,0.02810938,0.0544485,0.05671795,0.04689042,0.004279981,0.00475965,0.005096506,0.005956816,0.001977561,0.07435422,0.01493735,0.0004110123,0.07401334,0.01431886,0.02929393,0.01314135,0.09010415,0.007956452,0.02646262,0.009993554,0.05390586,0.01122795,0.009277507,0.00687304,0.00934724,0.00317183,0.01134069,0.0001703221,0.004074774,0.005657346,
006c3a16.jpg,0.03695889,0.004567333,0.02417454,0.01435553,0.02085353,0.1949304,0.006185556,0.0008401165,0.005218336,0.05159501,0.002471345,0.0009115381,0.01142975,0.02242088,0.0009146678,0.02835665,0.006575103,0.02926598,0.004870851,0.01099778,0.003595787,0.0001053353,0.04589324,0.05114126,0.02656603,0.007661858,0.007613798,7.007328E-05,0.004513789,0.004568004,0.004540333,0.05515508,0.01477955,0.03653637,0.003285482,0.05302937,0.002498516,0.001816797,0.07284444,0.02773236,0.08529326,0.06677369,0.0053416,0.09369769,0.01360221,0.0003319078,0.005588784,0.02417,0.009266665,0.002896458,0.005552895,0.003934337,0.02138958,0.002595362,0.0248264,0.02554823,0.01747422,0.001761936,0.0484692,0.004898746,0.02144028,0.01760435,0.03668517,0.01099631,0.01733642,0.04966915,0.01067176,0.00342175,0.02007058,0.01785614,0.002852375,0.002711115,0.0252383,0.0004303156,0.00214713,0.02691161,0.04549317,0.001143262,0.001881182,0.003818962,0.01498311,0.006649897,0.03477048,0.01738453,0.05242264,0.02557364,0.02040974,0.002247192,0.01391249,0.0128593,0.01008151,0.0137262,0.05984725,0.01209605,0.01705533,0.008866213,0.01894344,0.000156431,0.0555924,0.04458662,0.01821602,
007c3a16.jpg,0.001459828,0.006212859,0.001865537,0.001901708,0.007705563,0.02902367,0.171909,0.01236975,0.01062085,0.007242293,0.07001383,0.03081274,0.002858176,0.04508034,0.03823838,0.07246796,0.05490962,0.02094905,0.03887444,0.06046706,0.03322805,0.009721562,0.03814021,0.007721283,0.04740615,0.0405516,0.0001080204,0.009411326,0.009790093,0.007670624,0.007396611,0.006715078,0.0006731781,0.03167039,0.003421838,0.007350813,0.001561164,0.02773611,0.06518523,0.03084083,0.03414508,0.004128179,0.07195581,0.01151696,0.002394056,0.07962403,0.03568508,0.001542299,0.07585981,0.01465283,0.02778887,0.00215542,0.02672409,0.0003735701,0.07539666,0.0002352927,0.0194223,0.007261628,0.007268697,0.01164063,0.03971514,0.0005639479,0.2104027,0.0003286287,0.01363388,0.01636746,0.0113305,0.0721096,0.006772434,0.03627288,0.0014025,0.003874447,0.03725514,0.008756337,0.03963722,0.009972885,0.07943232,0.0631525,0.006358686,0.007120918,0.01697139,0.0002412721,0.07993464,0.007640571,0.001715155,0.009652058,0.05653282,0.04282476,0.00136479,0.01014393,0.02733876,0.09505326,0.01356029,0.1088222,0.1122141,0.0332718,0.02126474,0.0301204,0.0802999,0.0179166,0.004622875,
008c3a16.jpg,0.08257698,0.08262667,0.09417086,0.01627534,0.03598445,0.02728273,0.06179583,0.357942,0.009138231,0.0005752785,0.01192961,0.03302259,0.01554269,0.0738469,0.007164236,0.007396785,0.01743582,0.01208679,0.06823644,0.02626093,0.0001447462,0.001408786,0.01684434,0.001734649,0.01140753,0.00278018,0.01023287,0.06338793,0.01616721,0.006142083,0.04321764,0.02060046,0.03373729,0.03789199,0.009837722,0.06283256,0.08369584,0.1133201,0.0396181,0.0008460145,0.0437909,0.007092107,0.03792723,0.02894838,0.02432853,0.03822797,0.01761715,0.07176726,0.02063953,0.05963813,0.01277782,0.0100254,0.04095651,0.04550408,0.01787377,0.0663662,0.04833502,0.01696804,0.03899844,0.01469891,0.04910364,0.01039042,0.04144871,0.04415048,0.02192491,0.03360593,0.0003614367,0.006279063,0.02120922,0.002858764,0.05038131,0.003944774,0.02967675,0.002168266,0.08820196,0.05364779,0.05617896,0.01174949,0.04104674,0.003006868,0.0189812,0.0700606,0.05906973,0.01827695,0.01293713,0.02052719,0.005340178,0.01069315,0.002476818,0.06036715,0.003019075,0.02035959,0.0335976,0.01450456,0.0421925,0.01833714,0.01285625,0.02244696,0.006758361,0.03340461,0.07722647,
009c3a16.jpg,0.002668141,0.01458078,0.01890405,7.340984E-05,0.0168559,0.005371093,0.0001999958,0.02117765,0.6529421,0.02563858,0.05115345,0.004514677,0.001939669,0.005787862,0.008603388,0.07698414,0.136894,0.02641426,0.06917208,0.01178221,0.0007734911,0.004052488,0.004981264,0.01656488,0.02085441,0.05993538,0.05442838,0.004174447,0.002840707,0.03904892,0.01043766,0.02674889,0.01849536,0.02923419,0.0006379414,0.005884794,0.0001054937,0.008834109,0.09835922,0.01178114,0.004843578,0.01319557,0.0005293866,0.006047678,0.01592125,0.005720988,0.006058074,0.006257858,0.004101216,0.001447688,0.004078683,6.381339E-05,0.0007352263,0.01535362,0.01702671,0.02000971,0.04613577,0.01717832,0.005916091,0.0009470565,0.01601347,0.008740637,0.01901969,0.03566923,0.006578749,0.014058,0.003770123,0.0002045157,0.08605646,0.004677701,0.0242086,0.00183948,0.00332685,0.0001986754,0.0005311465,0.05051116,0.0009182685,0.001631532,0.0004355222,1.291076E-05,0.001219699,0.00412453,0.04402345,0.01286758,0.02680871,0.001155014,0.0001086639,0.0007578554,0.0001347886,0.01158712,0.005722371,0.02141866,0.004677784,0.009320223,0.0141178,0.0004952258,0.02644538,0.03851835,0.006061473,0.0166072,0.01077534,
010c3a16.jpg,0.05396992,0.001307282,0.01234971,0.01601831,0.01286476,0.003599529,0.02093482,0.04006379,0.01925312,0.194922,2.207433E-05,0.04119814,0.003160401,0.04427187,0.00835474,0.02276166,0.04554684,0.003017771,0.1252012,0.03278077,0.07465878,0.01896053,0.007621714,9.192126E-05,0.002179989,0.05223253,0.002196466,7.847382E-05,0.001322093,0.0826308,0.01329059,0.0115937,0.0357059,0.01443519,0.01769322,0.01022436,0.0006057311,0.02160542,0.02087787,0.009016687,0.004209746,0.02512327,0.01504345,0.01174555,0.07809186,0.0002956165,0.02711478,0.1556347,0.03437837,0.009996643,0.04041342,0.0475508,0.04395738,0.0006489324,0.09725682,0.02134161,0.01606496,0.186952,0.03632693,0.01115783,0.01038001,0.01425573,0.001163263,0.006781951,0.00700996,0.003235022,0.001573862,0.0009288945,0.04473746,0.01761764,0.01193022,0.02827627,0.007603197,0.1718437,0.01614735,0.1639858,0.05495334,0.002698346,0.05006891,0.04676127,0.006147787,0.03788563,0.08936454,0.004843627,0.1477598,0.01319329,0.1209979,0.1158126,0.03432504,0.05696535,0.04995409,0.01036467,0.1120162,0.0005170003,0.02718095,0.004008525,0.01597252,0.009057937,0.02218347,0.03077065,0.07575706,
011c3a16.jpg,0.04148337,0.04102967,0.01403098,0.0001865071,0.007711248,0.0003411495,0.01075864,0.0005959288,0.1098078,0.009504331,0.6516809,0.01156468,0.001759478,0.02713714,0.00451601,0.003155214,0.02620266,0.002405681,0.1435751,0.01795735,0.001916935,0.02251461,0.04560981,0.0004364274,0.07717985,0.004788246,0.0032929,0.0006944797,0.03138492,0.02733378,0.0214924,0.01350859,0.007976521,0.004706342,0.01955556,0.03074532,0.001482683,0.009416855,0.0267313,0.002256881,0.05219919,0.008992203,0.006572034,0.01889575,0.005340528,0.001891373,0.0009292751,0.02473835,0.03198769,0.04543187,0.0004934595,0.0007424417,0.006576625,0.01815896,0.006538152,0.03685133,0.02241748,0.004493654,0.00860374,0.009242144,0.01167078,0.007209997,0.001994927,0.00348818,0.0009241636,0.004102599,0.03373376,0.03070274,0.04433761,0.0007176407,0.004492246,0.002612361,0.01142787,0.005249101,0.001087729,0.0006885011,0.1576946,0.001447723,0.001416726,0.002141635,0.006537687,0.03273549,0.03647476,0.001609739,0.009187704,0.05465712,0.03332791,0.003379056,0.002922419,0.009369983,0.0008971473,0.04497149,0.0035109,0.04028534,0.01638729,0.000581191,0.006077384,0.01841521,0.01811346,0.0002301584,0.01001455,
012c3a16.jpg,0.06225214,0.0448067,0.08213793,0.001876452,0.04077781,0.006678607,0.03491415,0.026216,0.01807651,0.04322807,0.1124469,0.564337,0.02803454,0.03408228,0.03928316,0.08272374,0.06962784,0.03894565,0.01346494,0.07321716,0.009160419,0.001252688,0.02073339,0.001195874,0.0333678,0.04608256,0.002099018,0.08920713,0.01185465,0.00335527,0.005464315,0.04871272,0.01366474,0.04496042,0.002302127,0.01606284,0.01855009,0.002332214,0.1092187,0.04028742,0.005981713,0.0407914,0.0640159,0.02898933,0.003168581,0.04283064,0.03811775,0.1117373,0.01534235,0.02830134,0.04551022,0.003395032,0.05680532,0.007492676,0.01017754,0.003543701,0.02338248,0.02052949,0.01055149,0.1481488,0.0919471,0.0001488685,5.601485E-05,0.01811696,0.01651291,0.02890005,0.03084547,0.06688213,0.008931892,0.01650122,0.009455127,0.09026843,0.005526286,0.0134873,0.009375054,0.0361571,0.04000295,0.01618899,0.01591972,0.009562797,0.029245,0.2265393,0.05242941,0.06590108,0.03486855,0.0114729,0.03440604,0.0004464463,0.01278874,0.04667034,0.02408709,0.1180282,0.08981103,0.02267883,0.00215909,0.0210693,0.1405024,0.04236222,0.008012683,0.002775587,0.001233217,
013c3a16.jpg,0.07601964,0.04005478,0.02079303,0.0410367,0.02912959,0.0132568,0.06434125,0.009143917,0.03696341,0.0211109,0.0126669,0.001743636,0.4111288,0.0640754,0.005095683,0.008340604,0.1036802,0.01048229,0.03621232,0.0605433,0.005155397,0.04136354,0.04847499,0.0170696,0.001141281,0.04962943,0.008472443,0.01469121,0.1398003,0.02405917,0.01884462,0.003706218,0.006388084,0.07438873,0.06272694,0.004390914,0.06365674,0.03543809,0.1499375,0.0196318,0.04799278,0.06146727,0.01137775,0.01068649,0.02781695,0.07497415,0.007475989,0.00153686,0.003284193,0.0005398989,0.004708815,0.01042057,0.02986327,0.05771578,0.03812115,0.03369243,0.06680203,0.001890031,0.0006324613,0.03501469,0.07232744,0.02677149,0.07421488,0.005125825,0.1111243,0.01387106,0.01347189,0.03642909,0.01834133,0.01621494,0.003922699,0.01865556,0.1491012,0.07302991,0.01056436,0.07796342,0.1186549,0.03236131,0.004569686,0.009996678,0.07456925,0.02136854,0.01683191,0.03342636,0.008096929,0.011235,0.08141917,0.0372897,0.002145117,0.0528489,0.01358416,0.05426418,0.00312731,0.03211756,0.01228222,0.03861819,0.09719944,0.006172788,0.006942268,0.03602896,0.02138566,
014c3a16.jpg,0.001462206,0.03162057,0.01184505,0.01556691,0.05423532,0.01748085,0.01842178,0.01964684,0.03908802,0.1478836,0.06371142,0.02002631,0.09771041,0.158429,0.02959714,0.02476986,0.1726644,0.07125937,0.0004346432,0.0341432,0.007963649,0.006608374,0.03245389,0.04083627,0.03540189,0.05764772,0.01000662,0.008600134,0.02159054,0.004678657,0.05162938,0.0002484964,0.05944475,0.07138748,0.02250724,0.02103861,0.02915847,0.01242825,0.1183363,0.009557869,0.01321165,0.01745331,0.1503655,0.01886568,0.05785508,0.1063925,0.005188963,0.03617193,0.03093087,0.02141843,0.1290386,0.000528973,0.0264551,0.002467446,0.007177396,0.08106818,0.01684505,0.01690166,0.08164918,0.01763654,0.03860206,0.02556721,0.04304054,0.04989469,0.008144553,0.00365528,0.006148307,0.06724519,0.04303436,0.01180349,0.118505,0.0001815727,0.02810602,0.01236714,0.1708638,0.01199281,0.008110893,0.002271443,0.04560654,0.004651085,0.003289256,0.01229208,0.02697792,0.01750788,0.03924757,0.002464576,0.001582054,0.009709955,0.01899507,0.002003794,0.000832517,0.03144876,0.01174605,0.03463849,0.06323043,0.02515198,0.04271747,0.03459685,0.06949849,0.08301912,0.0199919,
015c3a16.jpg,0.01078746,0.01913095,0.00315424,0.01519802,0.001888891,0.00386568,0.009585855,0.03316124,0.01681702,0.008247983,0.02723952,0.01090025,0.2257484,0.02158239,0.4650519,0.007873492,0.02028009,0.01797481,0.02818483,0.08187362,0.0108165,0.001257663,0.06941162,0.003837278,0.1314505,0.007112548,8.031934E-05,0.0010236,0.0008214627,0.009284572,0.02587776,0.04381181,0.01299641,0.04616632,0.02905152,0.07350385,0.1063445,0.03759462,0.02500571,0.02572514,0.002669536,0.0804101,0.02863974,0.01647425,0.08128524,0.09089204,0.004172764,0.02198373,0.03691536,0.05245885,0.03350507,0.0145372,0.114603,0.03002356,0.005822282,0.1556679,0.01260631,0.002524302,0.0036781,0.01874236,0.02450008,0.02353057,0.004953722,0.1593296,0.02215106,0.008428033,0.004843117,0.03063174,0.139077,0.1040251,0.05512333,0.02559484,0.07529557,0.1124351,0.003609702,0.01354931,0.007580807,0.00705958,0.001424542,0.009333725,0.04550827,0.02546253,0.05210967,0.01331997,0.01366533,0.0055588,0.05002385,0.002661626,0.03997467,0.003812236,0.002556155,0.1356072,0.01266278,0.05448631,0.003861643,0.05299789,0.02340294,0.1141089,0.06756407,0.007258827,0.004925692,
016c3a16.jpg,0.08480847,0.07463034,0.06574623,0.01661522,0.004871645,0.06387128,0.01684497,0.07451469,0.03224848,0.04370706,0.003198533,0.08810636,0.01858042,0.0172387,0.01061121,0.5632117,0.1130925,0.001941743,0.02861369,0.004055672,0.01645086,0.006533988,0.04778739,0.01670701,0.1002532,0.1527774,0.01935969,0.01052345,0.04050399,0.01462629,0.0002901091,0.07049155,0.01863648,0.05027227,0.02146393,0.01929358,0.04198891,0.04869523,0.1060929,0.007128624,0.01068126,0.02742017,0.07684169,0.07050725,0.00764633,0.0184796,0.1037548,0.01517994,0.06822112,0.0001177761,0.01137438,0.01654796,0.00737059,0.0885831,0.008674806,0.003794868,0.01681135,0.1008573,0.006458714,0.006967868,0.02510408,0.004788441,0.07221092,0.07517895,0.1568156,0.02630451,0.01711594,0.03140759,0.00820691,0.06585053,0.02666087,0.006634898,0.04805514,0.02803294,0.02901359,0.06204252,0.1678627,0.0113897,0.003094054,0.0001463041,0.03812792,0.1343217,0.01174789,0.03618905,0.03246416,0.03110581,0.05587946,0.0005355439,0.007645266,0.04562119,0.009760056,0.05944747,0.01107051,0.1072038,0.1140463,0.02986004,0.01887229,0.004079842,0.1069785,0.03093181,0.07339295,
017c3a16.jpg,0.01031521,0.1604756,0.1054276,0.04152633,0.003960717,0.07250361,0.004051175,0.02604,0.007897696,0.009243726,0.1105042,0.02526956,0.03704426,0.003908901,0.124472,0.01459833,0.3007458,0.01507924,0.0004460151,0.005372282,0.02156568,0.07573128,0.007244346,0.06027098,0.01135932,0.006954086,0.05374154,0.001415824,0.009058146,0.02311929,0.004050903,0.001072679,0.006295493,0.07052793,0.01136526,0.0005077769,0.04554969,0.009879764,0.01570846,0.004843188,0.003657268,0.02491205,0.005403358,0.02991737,0.0001124666,0.01873492,0.05353427,0.005719614,0.06041478,0.0403972,0.03308986,0.01979557,0.02177984,0.002644168,0.02618015,0.02954768,0.02447034,0.02353678,0.06590559,0.01204599,0.01351669,0.01849974,0.02556207,0.02799696,0.01327622,0.00376796,0.06700021,0.03896685,0.00740099,0.01402508,0.004898667,0.005279193,0.02076414,0.0247828,0.03452375,0.03634051,0.006582283,0.01293782,0.01779779,0.001542092,0.04318494,0.08096377,0.02603354,0.00328486,0.006228412,0.005755824,0.01622507,0.01808452,0.003010239,0.001121648,0.01050401,0.001125394,0.0519882,0.06259616,0.1044194,0.0002327006,0.05578432,0.04015643,0.003998145,0.01403389,0.02809112,
018c3a16.jpg,0.006741892,0.0540201,0.001139532,0.02707838,0.02605848,0.02709292,0.0110144,0.06834213,0.03789617,0.02014417,0.06980767,0.01950966,0.01684355,0.06083873,0.04533733,0.00621474,0.008384224,0.5026047,0.005217659,0.01166522,0.005776476,0.0002598793,0.0151423,0.004439317,0.01424521,0.01791035,0.03079361,0.01175124,0.03660303,0.04649865,0.004104264,0.002166136,0.07202035,0.0207148,0.02052487,0.006670855,0.0238406,0.00393807,0.003176961,0.003180274,0.0353899,0.01114526,0.00346749,0.002953456,0.0945617,0.002427054,0.00777287,0.01769038,0.00746405,0.02303904,0.0232045,0.0205617,0.01619189,0.04494289,0.0553716,0.01568279,0.000666565,0.005397395,0.003710868,0.006385209,0.003406283,0.004258484,0.003623055,0.004259972,0.001468422,0.01551789,0.000601183,0.009091633,0.01009699,0.104476,0.003009466,0.009845539,0.03118397,0.0001044523,0.02751081,0.0599669,0.007475468,0.0007334673,0.06058826,0.01837542,0.1263303,0.004926352,0.05646857,0.0222732,0.0007061052,0.1728365,0.04353956,0.007512411,0.006179229,0.04932848,0.02733654,0.02847035,0.000634991,0.0119825,0.06990735,0.02065235,0.004518417,0.004570188,0.05166974,0.03516554,0.00922689,
019c3a16.jpg,0.0810326,0.07910317,0.002372022,0.001331882,0.05203216,0.08340891,0.001028364,0.0008910501,0.2309438,0.09271301,0.02804182,0.03190907,0.007284501,0.01094281,0.08232631,0.02554996,0.0008098102,0.00384058,0.4422146,0.004464052,0.03305129,0.005616846,0.01211462,0.1195301,0.09387837,0.133587,0.005402216,0.002629251,0.0053415,0.01813127,0.002722985,0.06195625,0.007446489,0.03172632,0.06650905,0.008710461,0.00836574,0.05952726,0.02617783,0.008359161,0.02344261,0.023921,0.01599753,0.0957748,0.005751865,0.002323221,0.02927604,0.01847835,0.001987878,0.03232285,0.0615117,0.0181793,0.00996745,0.0269048,0.02120909,0.1281248,0.1366298,0.002499484,0.002820305,0.02279414,0.01179809,0.01974392,0.0009610432,0.04954196,0.03652124,0.01099403,0.09795645,0.01810737,0.0243738,0.02388246,0.02744117,0.01282452,0.01371248,0.008415099,0.001600157,0.01426957,0.022745,0.002590047,0.006829537,0.01676174,0.02606067,0.00668219,0.02933901,0.05732953,0.06439117,0.0003544473,0.01397279,0.06963783,0.0009380829,0.04712373,0.02441487,0.01224536,0.0208577,0.01608122,0.05043427,0.009036466,0.002492495,0.01226969,0.01775298,0.008358529,0.01964448,
020c3a16.jpg,0.02579329,0.115558,0.008735785,0.006160218,4.754614E-06,0.006219181,0.03124861,0.02619245,0.0863066,0.004870506,0.00899903,0.06387912,0.003268004,0.03457917,0.009589886,0.0828519,0.04427286,0.0538023,0.02753652,0.3197658,0.002120924,0.05675527,0.02498423,0.01468115,0.02531921,0.00034154,0.003695608,0.01971282,0.02384064,0.09233507,0.01349866,0.08306728,0.01908124,0.08673242,0.08693644,0.01078838,0.04797556,0.006227403,0.1232538,0.000646656,0.02329206,0.01546468,0.008337698,0.004788546,0.08175897,0.1161359,0.01664096,0.07395503,0.0933716,0.0168359,0.01768727,0.00588841,0.06890114,0.02105632,0.01659402,0.003906643,0.00717997,0.01151825,0.00202157,0.01842761,0.1165769,0.002492906,0.01269636,0.001381555,0.008691004,0.002592143,0.01444778,0.06257266,0.03840705,0.004488291,0.0235742,0.02510769,0.02482572,0.01829887,0.01038394,0.0468036,0.009689493,0.02255961,0.004382331,0.02768662,0.006914495,0.008205824,0.06560872,0.1497285,0.03867012,0.003787647,0.1153767,0.0004621705,0.002509937,0.001206505,0.01799634,0.008231351,0.002070524,9.674822E-05,0.1091553,0.007419289,0.02628002,0.01359848,0.02653625,0.01618964,0.003364928,
022c3a16.jpg,0.003677372,0.004566969,0.0008186192,0.02329097,0.002904741,0.02438857,0.001485044,0.01987098,0.04495941,0.0001615425,0.09634737,0.01795737,0.05569789,0.005754079,0.004539907,0.01419129,0.01264976,0.0004328185,0.0008800537,0.007945732,0.007205796,0.2308354,0.1153838,0.007825982,0.01406481,0.004513054,0.001134009,0.005989347,0.0509818,4.2615E-05,0.007741221,0.02429565,0.08437196,0.003248536,0.01650689,0.005684823,0.01156966,0.03671783,0.09119154,0.03826501,0.06590499,8.34216E-05,0.01919402,0.01309779,0.05494582,0.007659242,0.0006315223,0.01595592,0.001245366,0.00661921,0.04708456,0.08936828,0.001777006,0.01244557,0.004870603,0.01305722,0.01206125,0.01265494,0.01227208,0.06140433,0.01258901,0.01656268,0.00449042,0.03425738,0.005619143,0.03131025,0.002582383,0.0003680494,0.00145192,0.004411373,0.0004771019,0.01080851,0.0961047,0.01102568,0.005852195,0.002737533,0.004202049,0.000242788,0.00753752,0.01455405,0.06247893,0.07959263,0.02967723,0.000738416,0.02840203,0.001309657,0.05986498,0.002333947,0.07083222,0.000186158,0.01757311,0.02304669,0.0009587777,0.02307138,0.04080018,0.04893518,0.0001850945,0.01940223,0.03416242,0.003439205,0.03671244,
023c3a16.jpg,0.003440847,0.0832477,0.0003055877,0.03856314,0.01239015,0.0003503978,0.01048244,0.0003835332,0.05892203,0.01597098,0.01664926,0.03769291,0.02329749,0.00440993,0.001781801,0.09375492,0.03984748,0.0223684,0.004514335,0.001215518,0.00194748,0.07150955,0.3436508,0.009821619,0.08333638,0.002108914,0.02072456,0.01356699,0.01732806,0.0001296425,0.06956449,0.01263249,0.03050748,0.03034198,0.002477835,0.01363306,0.007574339,0.0002821239,0.01486452,0.0103204,0.06941553,0.004357054,0.07721225,0.0001161476,0.0003695581,0.002382307,0.02134547,0.006221237,0.0002745724,0.006912837,0.03282641,0.005158028,0.02500347,0.01002556,0.01612656,0.02369837,0.0002907417,0.001748519,0.01185947,0.0004141328,0.04472301,0.01655999,0.0002378061,0.07118513,0.004229709,0.006258716,0.1207172,0.03101886,0.02377589,0.003418777,0.01355054,0.001907,0.001210805,0.02359394,0.02184076,0.08574852,0.02244276,0.004705877,3.627737E-05,0.01110542,0.1014438,0.01032774,0.03647031,0.01141,0.03088036,0.05440292,0.002153541,0.0003344714,0.007337168,0.07160174,0.01749458,0.07488133,0.003771358,0.02952387,0.04337725,0.1379759,0.009461937,0.009421665,0.01134473,0.00301408,0.004703846,
024c3a16.jpg,0.01613523,0.0123046,0.00797737,0.007625729,0.02378472,0.02915312,0.0264191,0.003910569,0.001996953,0.02020006,0.0006269348,0.01770982,0.002104145,0.003588052,0.004176924,0.002897664,0.03493952,0.04466975,0.02399803,0.005065953,0.00389238,0.00341923,0.04310203,0.2512953,0.01569784,0.01374975,0.03753277,0.01521664,0.007144485,0.0009186994,0.0004761358,0.001398804,0.0110133,0.05188752,0.01355678,0.0483422,0.03713752,0.05496902,0.0362547,0.002703664,0.007362146,0.02398771,0.01089839,0.05863452,0.06979906,0.02365103,0.03798557,0.003568563,0.001957186,0.05294716,0.01787606,0.02430994,0.01130728,0.01123842,0.02404247,0.004149789,0.02234809,0.0003315414,0.007477136,0.001440167,0.006432714,0.003436995,0.01404105,0.007137526,0.01558476,0.001649919,0.01143546,0.06630381,0.0651594,0.02924371,0.01603611,0.01712311,0.04115999,0.07231694,0.02710675,0.004075847,0.03931518,0.04764553,0.002446251,0.001691105,0.05947063,0.001127432,0.04619602,0.001647965,0.05030918,4.192274E-05,0.004305451,0.002612625,0.002260663,0.01368124,0.001645625,0.004516288,0.00454122,0.04325479,0.02519322,0.009865968,0.001177232,0.01536145,0.02634976,0.1407712,0.0006420635,
025c3a16.jpg,0.004414934,0.03446678,0.0489434,0.005951017,0.003262165,0.005156149,0.04562304,0.1013874,0.05637572,0.01850915,0.04930163,0.008342149,0.03905586,0.07395244,0.01423619,0.002604937,0.0703119,0.03648897,0.01074598,0.04615767,0.09760695,0.00256089,0.05440857,0.05133118,0.0468082,0.01730692,0.007680154,0.05571844,0.04530484,0.04531617,0.04445923,0.0176785,0.005008747,0.1032899,0.01014659,0.01193776,0.005036222,0.008892462,0.15115,0.04048078,0.04458704,0.08481632,0.05032047,0.02086166,0.01690391,0.1063873,0.05277203,0.0419132,0.01072515,0.1319511,0.006383629,0.009447349,0.1849714,0.01924597,0.03672014,0.01367518,0.09006578,0.002635751,0.07656495,0.0582253,0.04517242,0.07926286,0.09477779,0.04799687,0.09936222,0.01674393,0.03590987,0.008734952,0.007344859,0.0794856,0.004492929,0.09001445,0.01589471,0.000846621,0.001300675,0.003776184,0.006146865,0.04906581,0.03971447,0.03268745,0.007167174,0.07279796,0.03206246,0.01484907,0.002387964,0.0001208268,0.1196656,0.002257098,0.02007643,0.04855756,0.127406,0.05320571,0.01258365,0.08099141,0.05425937,0.04016648,0.0008419324,0.1375071,0.009677389,0.03724134,0.01748627,
026c3a16.jpg,0.002943958,0.05527643,0.02788089,0.02169613,0.005944879,0.003122579,0.02619081,0.01839052,0.0250783,0.07250746,0.0001343737,0.001921514,0.0647036,0.005684281,0.01030397,0.009079047,0.04326509,0.009951698,0.009888705,0.05471855,0.01311503,0.01651702,0.02691876,0.02663166,0.00237224,0.5004022,0.01715955,0.006648855,0.009467975,0.001882814,0.009556125,0.001847216,0.006645389,0.08950712,0.07545651,0.004130227,0.01076756,0.01160106,0.03684767,0.04332681,0.003426918,0.005280128,0.02088243,0.03582145,0.03644145,0.002552585,0.003394859,0.0001204238,0.003404266,0.003747638,0.0002976741,0.002179999,0.0001554897,0.001982145,0.00608321,0.01270693,0.004310392,0.003897481,0.008562224,0.04749103,0.01579924,0.002373066,0.006010311,0.07416966,0.01517671,0.0181583,0.0265474,0.004388591,0.04220846,0.04042823,0.01513519,0.005778921,0.07412189,0.02656168,0.001179868,0.009311583,0.03896342,0.01338755,0.001270851,0.01284188,0.02021555,0.1797442,0.006181421,0.009850767,0.02411959,0.007138416,0.0185953,0.03525186,0.004205298,0.02915243,0.1285225,0.004762015,0.01074797,0.02053345,0.01806754,0.03785468,0.03165333,0.00712714,0.01697129,0.03071241,0.0375367,
028c3a16.jpg,0.003380813,0.07772249,0.003200939,0.004050929,0.0009474161,0.001911793,0.01784316,0.02910186,0.05140879,0.08558993,0.03137323,0.003551547,0.009931862,0.03095167,0.03504381,0.02814821,0.01915748,0.004307668,0.0275573,0.01233142,0.000854053,3.003943E-05,0.03324167,0.003462687,0.008993485,0.01470326,0.003333925,0.1573103,0.0004222803,0.0272792,0.0426065,0.007736527,0.002177764,0.00575011,0.03314495,0.001881885,0.0194641,0.007568371,0.06535561,0.009887979,0.01738842,0.02248895,0.0042828,0.009960677,0.005065878,0.00937046,0.1075852,0.02458422,0.008971584,0.02369608,0.005186852,0.003154275,0.008506912,0.03445157,0.01099428,0.03487073,0.03002474,0.0192903,0.001132774,0.136845,0.001232404,0.01282208,0.002804266,0.08377998,0.04107408,0.01494221,0.01581704,0.01888889,0.0263518,0.05573216,0.001665006,0.01541215,0.01565566,0.05485366,0.06661487,0.002165393,0.1211403,0.006932367,0.03053816,0.0008753847,0.01606996,0.003174142,0.02931304,0.02937243,0.05611911,0.03749766,0.03078266,0.007056742,0.00319278,0.1288643,0.01308801,0.006318341,0.05958634,0.06404126,0.08507428,0.204768,0.002801685,0.02891193,0.005189391,0.01766637,0.2332172,
029c3a16.jpg,0.008865623,0.02015021,0.05241569,0.01425644,0.004926127,0.003818416,0.008966063,0.03632423,0.05202797,0.006835622,0.02420091,0.0459387,0.01575064,0.05009362,0.008082217,0.004759609,0.03211083,0.03424101,0.0551654,0.02948623,0.1107197,0.001474297,0.001322759,0.007147681,0.007461149,0.03858772,0.002912536,0.004620465,0.4456809,0.07212214,0.01055,0.03789977,0.01421182,0.001106373,0.01759885,0.0068298,0.007380718,0.0207167,0.1969828,0.03447764,0.01408185,0.003182682,0.0768408,0.03575589,0.0002785743,0.004759628,0.01931642,0.023579,0.1291532,0.05248376,0.02089549,0.003695928,0.02436835,0.01601513,0.02177358,0.06335755,0.01910782,0.1221228,0.03857918,0.0004993864,0.04264725,0.002492793,0.009319844,0.002244936,0.0527035,0.02034339,0.006870181,0.001541993,0.009079157,0.09095567,0.001874813,0.02910399,0.00500899,0.011428,0.002627917,0.01311197,0.01544153,0.001899962,0.004565208,0.00402809,0.01198704,0.07016697,0.06016144,0.01926242,0.000322945,0.005158838,0.01004582,0.01628659,0.01263575,0.04607112,0.01715069,0.01635307,0.001214233,0.009086582,0.05622963,0.001480554,0.01289205,0.0014314,0.03577939,0.09059606,0.01219612,
030c3a16.jpg,0.002096599,0.02507109,0.02557531,0.0004199093,0.02891015,0.02615652,0.02864038,0.1259548,0.02178063,0.04537563,0.001882935,0.08887431,0.006972932,0.02633714,0.003377627,0.003153912,0.00671216,0.009517089,0.006786483,0.03050486,0.001492683,0.006214774,0.00539912,0.0008195444,0.007097134,0.04129089,0.04045589,0.07962621,0.00899247,0.1919549,0.007055658,0.0625824,0.001469869,0.005065699,0.00918309,0.004816478,0.001956449,0.01428636,0.05061356,0.05732712,0.003161191,0.00786104,0.001669367,0.09436645,0.007606045,0.05073854,0.01504978,0.0398261,0.08956449,0.01235584,0.0009294461,0.0816805,0.02547741,0.001012812,0.03711738,0.002308414,0.01998723,0.00738363,0.01011846,0.02027868,0.001935161,0.0005837961,0.003598605,0.04482466,0.01039671,0.01164607,0.003380565,0.003511312,0.02404368,0.010238,0.0009917588,0.009005092,0.009372323,0.01488525,0.007890022,0.004706109,0.006182981,0.02305635,0.008904288,0.01346856,0.02072847,0.03054612,0.000130533,0.04193386,0.2296728,0.00333144,0.02536316,0.0001027278,0.0142708,0.0232147,0.0791775,0.00731419,0.03837423,0.001456864,0.01399358,0.002939263,0.02352703,0.01151578,0.05618081,0.08595299,0.08820557,
031c3a16.jpg,0.02065956,0.0558446,0.0239064,0.04428366,0.01066023,0.01380247,0.1769832,0.06314956,0.0862678,0.003609646,0.0001113068,0.03397726,9.685443E-05,0.01043892,0.09639749,0.02348329,0.07673247,0.09662315,0.05016967,0.001735931,0.002345028,0.0005774907,0.06361701,0.0240474,0.1912079,0.02140635,0.0005168371,0.014013,8.728692E-05,0.002469155,0.1404402,0.03380276,0.03919664,0.03764195,0.00887847,0.01642759,0.01096174,0.04367749,0.01793665,0.01321162,0.003399981,0.006022727,0.04067551,0.001383305,0.03512709,0.01971789,0.005558584,0.003589371,0.007404997,0.03103257,0.03442552,0.04550248,0.03624486,0.01002677,0.01323699,0.01215837,0.01586747,0.02277881,0.01221365,0.01109207,0.02740713,0.000243169,0.02359646,0.005685813,0.004514666,0.002097907,0.0158003,0.003154462,0.004412981,0.01259182,0.00584957,0.005157126,0.04746147,0.001682512,0.002899966,0.01838149,0.02752141,0.01015138,0.0001877978,0.001874124,0.01048997,0.09953313,0.00518866,0.006475099,0.03528056,0.00150107,0.01508401,0.0007232563,0.101953,0.002697053,0.01300118,0.09214688,0.02574029,0.03339706,0.02037437,0.01478938,0.001598848,0.03999998,0.001139254,0.026607,0.04956256,
032c3a16.jpg,0.003140424,0.003255183,0.002621813,0.001924819,0.007158298,0.001016497,0.04978722,0.02228713,0.02902481,0.0009699783,0.01919721,0.004926348,0.1728418,0.03217929,0.05953601,0.01775526,0.01702718,0.003678292,0.0009940865,0.00964087,0.005810991,0.01897269,0.002932386,0.01050637,0.008104052,0.047934,0.006359083,0.004733086,0.09574425,0.007278894,0.03226886,0.2015354,0.02087857,0.1311069,0.04410392,0.0009903634,0.02517488,0.01849096,0.06615933,0.01998578,0.00175154,0.001406118,0.007849805,0.007308784,0.000391064,0.003037857,0.1080857,0.02645017,0.02554748,0.003398315,0.0002273512,0.01329589,0.0280595,0.07009135,0.04199723,0.006149826,0.01725276,0.0008336651,0.001070495,0.008294953,0.01856848,0.02589207,0.0006737151,0.0177176,0.0500091,0.002408058,0.006533372,0.02770981,0.01866948,0.002141455,0.009670611,0.07902604,0.03160923,0.01613113,0.01390498,0.01504256,0.05552915,0.00459748,0.0005339448,0.006710346,0.02168387,0.01967376,0.003891288,0.0124,0.02333696,0.009953925,0.05377655,0.009264273,0.06305099,0.01578329,0.04108898,0.1527965,0.003218329,0.01143937,0.004843754,0.01125294,0.09556509,0.02776768,0.002094775,0.04460307,0.03617981,
033c3a16.jpg,0.002574302,0.05173617,0.02417228,0.01359976,0.01466779,0.009865347,0.02567273,0.0004252202,0.02478187,0.02599378,0.0007121439,0.001745577,0.005187368,0.02834166,0.07521303,0.00183685,0.02790042,0.0006515262,0.001984966,0.01975164,0.004492549,0.01914582,0.02702097,0.01257574,0.02890903,0.0235975,0.005883203,0.06640106,0.006017339,0.0163634,0.0003023143,0.009374688,0.939923,0.01714075,0.04196884,0.009827835,0.004438139,0.08322934,0.05665916,0.0489526,0.01752535,0.00702162,0.008671127,0.008379718,0.009607989,0.09160365,0.03659702,0.02969971,0.03431794,0.005651764,0.02136606,0.007644303,0.01422891,0.07743995,0.001253763,0.002534306,0.03339283,0.02921584,0.003662518,0.0132571,0.0308997,0.0396507,0.004260824,0.03454742,0.04509758,0.008583279,0.1342243,0.005460845,0.002681084,0.006747356,0.01901829,0.01923964,0.005651497,0.04264801,0.005748958,0.08286133,0.09451418,0.01206599,0.001319121,0.07097129,0.0640776,0.007976414,0.0007906065,0.06960735,0.001506883,0.0007615156,0.01915354,0.00130315,0.003252585,0.01083059,0.1461364,0.05803246,0.01129167,0.0002507277,0.0001809131,0.02003689,0.00838893,0.01315461,0.001644049,0.009882843,0.03806196,
034c3a16.jpg,7.015831E-05,0.0006258651,0.004093141,0.009930322,0.0001789481,0.03000044,0.02938116,0.005188319,0.00292368,0.03030714,0.0002018766,0.002635316,0.0138689,0.001297249,0.004981264,0.0005313697,0.05383017,0.005433779,0.0005035164,0.03139986,0.0006590111,0.01355861,0.02947712,0.007332952,0.03070254,0.007951633,0.003525332,0.01214723,0.01458105,0.0005187194,0.0007493831,0.01156962,0.007371722,0.06515563,0.026978,0.0007478593,0.00484326,0.0006583955,0.003769407,0.01228787,0.01378166,0.04215159,0.009760755,0.021774,0.03148687,0.001403732,0.01899442,0.008588095,0.07482963,0.0004532589,0.002142005,0.001056944,0.002545014,0.00200426,0.01853868,0.002628577,0.0008325416,0.008338178,0.01622427,0.005278911,0.04858157,0.007904819,0.001699139,0.005585285,0.001051758,0.005065978,0.008186848,0.0002192188,0.006675049,0.03934112,0.006534424,0.004130431,0.02802164,0.005525667,0.001812112,0.01051932,0.01690823,0.03094852,0.0435612,0.008227211,0.005464016,0.01351722,0.01601074,0.02663736,0.01130704,0.001732195,0.07494836,6.662968E-06,0.01308555,0.00157058,0.03892684,0.006856737,0.00303775,0.01119022,0.04211819,0.00811134,0.003821185,0.01863598,0.01604964,0.001609049,0.0008548208,
035c3a16.jpg,0.05842452,0.002243262,0.01003827,0.0003791094,0.0008698442,0.00864466,0.000409524,0.03668717,0.003965301,0.007244077,0.00441479,0.03248319,0.007631902,0.05042583,0.0003290142,0.00728419,0.02826913,0.01330128,0.03171318,0.0530517,0.02378082,0.04736001,0.1122091,0.03140578,0.01526198,0.02999742,0.05038975,0.09019968,0.02212393,0.001873122,0.002942488,0.09614891,0.009596291,0.006498103,0.05133434,0.0007972799,0.03802035,0.005340441,0.08535343,0.005552442,0.00545969,0.01131673,0.01637338,0.01600043,0.005065658,0.01329097,0.08713681,0.01422517,0.004844305,0.00979568,0.01035566,0.113768,0.01747031,0.08421358,0.01917177,0.01035379,0.09083438,0.01044412,0.001682549,0.003802642,0.02378412,0.000153564,0.00746146,0.01053768,0.0008014152,0.06768131,0.001300797,0.05433111,0.003048526,0.002114266,0.01367041,0.007115401,0.005340349,0.004386764,0.009013915,0.04267354,0.0109187,0.001471239,0.01368065,0.01753199,0.004568764,0.0135318,0.03000108,0.02044048,0.05298912,0.004030454,0.01936612,0.02301308,0.02302373,0.0001978144,0.0156329,0.0009805948,0.007631522,0.005459968,0.01629916,0.009259515,0.002449455,0.05396714,0.003652018,0.09796695,0.01726797,
036c3a16.jpg,0.02547112,0.01404026,0.008345967,0.006868018,0.01836432,0.02137218,0.1096318,0.0830589,0.08014985,0.0008096651,0.004789228,0.00255845,0.02917151,0.03877231,0.04652158,0.006938525,0.06367249,0.04375979,0.01511053,0.002746796,0.002236022,0.01059049,0.02565262,0.01934866,0.07800508,0.03456822,0.001461599,0.01508461,0.0169399,0.01995609,0.01959305,0.002207,0.08839524,0.0004830245,0.02792012,0.36524,0.007850632,0.01473972,0.03032374,0.0331547,0.004260869,0.0249393,0.0460311,0.001659081,0.001681756,0.05312139,0.003654389,0.030465,0.142409,0.08561016,0.0001152039,0.02184001,0.03334138,0.00849342,0.01180798,0.1105918,0.000674768,0.0006614891,0.01292946,0.0009425654,0.04863873,0.003233622,0.01367192,0.00221343,0.01033796,0.01505423,0.01778015,0.01413603,0.04257766,0.1292359,0.0178119,0.003261453,0.002520134,0.002706587,0.01718823,0.005881436,0.0009412405,0.0003321396,0.02845961,0.003940108,0.004438385,0.05405301,0.02312188,0.01626702,0.008773982,0.007524745,0.06842084,0.007130414,0.0886279,0.01369197,0.0001178093,0.05586722,0.001499104,0.002496797,0.04802704,0.001827029,0.001388485,0.04365297,0.0234178,0.01123775,0.02661918,
037c3a16.jpg,0.006642994,0.2151616,0.05562989,0.0009740482,0.0193793,0.006178406,0.009852035,0.002250379,0.01851676,0.02981883,0.005008765,0.1615364,0.002708632,0.02928398,0.07069866,0.07849175,0.007726017,0.006435841,0.0339247,0.01920005,0.05445823,0.002797557,0.2542894,0.0008895025,0.001063558,0.02759263,0.008411889,0.02374436,0.01517523,0.01185894,0.002308802,0.08044929,0.07547738,0.0007518633,0.006019663,0.02077118,0.4271928,0.007450621,4.779843E-05,0.0001836297,0.02549569,0.05608004,0.04622374,8.469542E-05,0.00220463,0.02785465,0.04650766,0.007017767,0.03774273,0.01089836,0.0364474,0.02698567,0.0421228,0.01383695,0.03588627,0.001383502,0.02276521,0.003343411,0.0001843935,0.1472935,0.002375999,0.01637277,0.01144802,0.0470576,0.02278539,0.06615324,0.0005315096,0.0226295,0.06250644,0.004102624,0.003403304,0.05501007,0.004514511,0.03125431,0.1584029,0.0006631974,0.06718073,0.01255157,0.01328141,0.0005529149,0.0007863136,0.03106777,0.1561183,0.02723849,0.002895775,0.06297894,0.001135204,0.09690571,0.02515799,0.03530496,0.001117351,0.002542469,0.08309302,0.08997633,0.02503405,0.04857862,0.000412667,0.02018986,0.1021641,0.003749337,0.007301293,
038c3a16.jpg,0.003531222,0.119865,0.06776317,0.05947443,0.02228867,0.00581302,0.01406314,0.008628219,0.05610194,0.000522182,9.899816E-05,0.001894322,0.04843355,0.1606544,0.0130608,0.08049215,0.07941345,0.02425815,0.007852064,0.004926247,0.01788955,0.02424615,0.003407286,0.07136728,0.05016338,0.09980484,0.02684731,0.007216556,0.05639771,0.0008899036,0.0287691,0.08653303,0.04047505,0.04747225,0.0286247,0.01134788,0.01864531,0.1165281,0.1088219,0.03805015,0.005551923,0.05734781,0.0514998,0.2334299,0.005917288,0.04757274,0.005620051,0.01699205,0.004706777,0.002484699,0.004132198,0.004926187,0.003958064,0.03927142,0.07122122,0.002739666,0.01102225,0.005744415,0.01951332,0.003777037,0.0785161,0.002324474,0.002174329,0.008098531,0.016315,0.04102184,0.003444677,0.09094627,0.009480765,0.06745833,0.004311529,0.03290509,0.005036416,0.002615681,0.04248479,0.03372064,0.03994576,0.006425811,0.004100435,0.003466551,0.02022415,0.04782049,0.001418603,0.05412532,0.03118448,0.00549459,0.02753775,0.008673712,0.001051876,0.009520023,0.02639938,0.02514907,0.03148751,0.001290654,0.04416675,0.038954,0.001509611,0.0003802961,0.002929222,0.086656,0.02969568,
039c3a16.jpg,0.04766981,0.06631589,0.085353,0.06005824,0.002543763,0.008700239,0.006360465,0.001836789,0.1185103,0.02072846,0.01531085,0.003487093,0.1033062,0.06268426,0.1735226,0.05227004,0.006499814,0.02284355,0.001693103,0.001826628,0.008650236,0.03505577,0.1316,0.02738746,0.009422776,0.02609972,0.01817497,0.008282501,0.03823426,0.05299757,0.04146746,0.04694219,0.01132202,0.01175272,0.02229273,0.04611574,0.01312872,0.01900024,0.3993765,0.0626481,0.008834036,0.01645556,0.07804362,0.0155467,0.0410845,0.01628333,0.004332213,0.03042093,0.003237177,0.04449234,0.004543564,0.004981264,0.006186089,0.03016181,0.0971414,0.03601156,0.01588542,0.01056384,0.03235399,0.01259649,0.06346046,0.08965775,0.02060384,0.1032322,0.01829907,0.02737962,0.02183359,0.004362389,0.02666551,0.04451198,0.02011793,0.002115448,0.03288068,0.02796176,0.003336222,0.02222003,0.04918813,0.001466204,0.008503883,7.87393E-05,0.0483846,0.02251311,0.01066595,0.02882892,0.07308872,0.013531,0.01277757,0.01979876,0.06079194,0.005188398,0.05582036,0.03895738,0.006973911,0.05026184,0.1519605,0.0104637,0.12841,0.002588438,0.09039492,0.08355398,0.02709488,
041c3a16.jpg,0.01662748,0.02073247,0.04525278,0.007776076,0.03442465,0.00855587,0.003531,0.06175981,0.03560477,0.02562724,0.05458148,0.02741617,0.02616164,0.0412011,0.01735236,0.003039351,0.005217439,0.0004854275,0.06394678,0.08844429,0.08498396,0.02044864,0.02192583,0.004232397,0.0265979,0.00960682,0.0423154,0.02715861,0.03573696,0.001761852,0.02155348,0.0009131705,0.008055896,0.05259199,0.02631135,0.001762267,0.00244239,0.044303,0.009791334,0.002200362,0.5881534,0.003936713,0.0004917741,0.05863474,0.003176172,0.008934203,0.03346802,0.009396399,0.003385245,0.002472249,0.03160207,0.01490459,0.002104941,0.01925556,0.01379553,0.001460474,0.01427665,0.06601091,0.001064693,0.04374731,0.01363132,0.08464631,0.004339019,0.0118955,0.02409918,0.00768132,0.02638169,0.008337011,0.02351451,0.005647764,0.1011595,0.02447082,0.02906409,0.01130904,0.005846866,0.005461398,0.05289103,0.003342858,0.02124162,0.0005721676,0.07588066,0.05447375,0.01231625,0.01885908,0.07737654,0.002920886,0.02725251,0.003962202,0.01267573,0.1368779,0.006324944,0.02850045,0.04371865,0.05866127,0.001673778,0.1328516,0.05571181,0.001500311,0.01135267,0.005552355,0.0001557702,
042c3a16.jpg,0.009530375,0.006145315,0.009933494,0.01536908,0.0006087146,0.0005802918,0.05278379,0.01601675,0.1378369,0.002746474,0.06423923,0.13672,0.1300997,0.08528082,0.05020851,0.007167852,0.002382506,0.00340034,0.06225389,0.02577958,0.04465826,0.001236549,0.0772562,0.009984042,0.006048216,0.004843563,0.02414856,0.05556824,0.01870239,0.007314248,0.01652027,0.003076645,0.01876037,0.0168065,0.01952711,0.04980774,0.06159736,0.00678644,0.1225531,0.005946103,0.01674287,0.4996068,0.008751879,0.009083576,0.01411342,0.1030835,0.01105006,0.05188054,0.001399778,0.08959548,0.002237672,0.003798573,0.01716587,0.02495864,0.01044962,0.09926406,0.006077519,0.001975478,0.009900115,0.03320855,0.07904891,0.03212601,0.01353476,0.004761734,0.04570195,0.04537954,0.006815145,0.02481127,0.01365808,0.0187865,0.0201391,0.01040695,0.009360598,0.03371326,0.01606643,0.05526878,0.02826841,0.0001336056,0.0100441,0.003619191,0.0007434185,0.02393605,0.04226402,0.03420445,0.006865496,0.007563127,0.005187891,0.0001185318,0.003487476,0.00333543,0.01087464,0.07023887,0.006011115,0.01485055,0.2038529,0.01742411,0.003599286,0.02719575,0.002259289,0.007882671,0.008859336,
043c3a16.jpg,0.001410466,0.05950834,0.03403081,0.01514926,0.002549057,0.0002774881,0.006954202,0.01544643,0.06068621,0.005856273,0.01279265,0.01238712,0.02445034,0.04442147,0.09867102,0.001738677,0.02395694,0.01457752,0.002226399,0.06391492,0.005751295,0.01584416,0.008318678,0.001618299,0.01840124,0.0394887,0.04334095,0.01786153,0.02920155,0.004704715,0.002573907,0.00796703,0.01370689,0.007706327,0.03891509,0.05559654,0.005066406,0.02397687,0.07127576,0.03378057,0.008195291,0.04045829,0.2265958,0.02945868,0.004408234,0.08213349,0.08952568,0.03354941,0.05414893,0.007672266,0.00732982,0.005250801,0.05574669,0.08196782,0.009068596,0.003716151,0.01591345,0.02229924,0.006944301,0.006435589,0.0315555,0.02785343,0.08442,0.004593691,0.001742826,0.02289422,0.004704576,0.001698826,0.01882971,0.003838415,0.03773407,0.1301629,0.1653854,0.00984565,0.01049598,0.04182881,0.01093325,0.001910905,0.01458172,0.01298248,0.02972669,0.007226769,0.01369808,0.03542735,0.0006476105,0.01026394,0.01094403,0.00244285,0.06642247,0.02102106,0.02449775,0.06996796,0.003187763,0.02036236,0.06307279,0.06736807,0.03115912,0.0626865,0.04290172,0.06426078,0.003450026,
044c3a16.jpg,0.002713682,0.0005251022,0.007794293,0.01057987,0.00190195,0.0342189,0.005881815,0.008533209,0.02604742,0.009024877,0.005156669,0.002944521,0.003404065,0.009410411,0.007439693,0.005683526,0.01128582,0.0004969183,0.004180883,0.02006706,0.002419532,0.0001156429,0.04961063,0.0244806,0.1548197,0.001787221,0.02742317,0.001358263,0.01056347,0.01166786,0.003357977,0.01929827,0.008058722,0.04330079,0.006116554,0.06474338,0.008892,0.01792786,0.08570516,0.03878044,0.0009635576,0.02708113,0.0003088482,0.4444156,0.06904396,0.09049431,0.01416332,0.008053489,0.0462371,0.01193256,0.009185652,0.00814009,0.02172819,0.02951559,0.02640635,0.001369127,0.03859182,0.01415107,0.06508581,0.0009934532,0.009393367,0.01055868,0.000589332,0.02471866,0.1886129,0.01076021,0.004259286,0.01154794,0.0005143056,0.01043531,0.006965647,0.01484342,0.03426427,0.1073262,0.0004169994,0.2214965,0.05246024,0.02603884,0.0009903504,0.01314273,0.01412428,0.03556247,0.004258174,0.07009149,0.03501498,0.01834464,0.01154201,0.009936605,0.00527928,0.002356657,0.01628396,0.01574949,0.0007184783,0.003470156,0.06163703,0.0129833,0.02484577,0.0002707169,0.0009314573,0.03254419,0.00521908,
045c3a16.jpg,0.0007371038,0.09711347,0.01576381,0.01309083,0.005036353,0.002903244,0.006949591,0.03667146,0.007816259,0.01163084,0.01940938,0.01032319,0.00379361,0.0202498,0.02416722,0.0008489154,0.0448122,0.03344996,0.009725771,0.08493882,0.0117467,0.07923862,0.03844574,0.08474013,0.009687676,0.007751324,0.001568451,0.002195277,0.03407153,0.01224402,0.009873909,0.003671268,0.007262186,0.03250076,0.01076433,0.04433145,0.002125539,0.0004724307,0.09062809,0.05996651,0.0062538,0.01338944,0.008469031,0.02457108,0.2835049,0.001578713,0.02629466,0.06562253,6.608017E-05,0.07172729,0.01669488,0.01486462,0.07000731,0.0006389234,0.0501985,0.003718482,0.02886397,0.01231235,0.01175521,0.04061813,0.02294892,0.01564299,0.01257056,0.01219557,0.01328265,0.06159734,0.003229293,0.02225604,0.008760228,0.06042265,0.001876564,0.002440158,0.07167891,0.01975673,0.001937204,0.006580654,0.05800679,0.02483715,0.002152158,0.0007978156,0.007418189,0.1069028,0.004870634,0.01600525,0.04913448,8.819369E-05,0.02452509,0.07295948,3.983401E-05,0.01735337,0.02542765,0.04523399,9.365409E-06,0.02483321,0.07647533,0.005587841,0.02172393,0.0559725,0.02910474,0.05568892,0.002251633,
046c3a16.jpg,0.01657072,0.1533105,0.04308647,0.0008740379,0.004953871,0.003470661,0.006393828,0.06004093,0.01375647,0.008758227,0.05519875,0.03277201,0.1396803,0.01895079,0.04792752,0.01466193,0.00897069,0.01896623,0.003337,0.01054632,0.006420987,0.02205792,0.06942414,0.01163997,0.07696272,0.06157568,0.01479034,0.04577505,0.1507724,0.05678171,0.01639328,0.02163181,0.0126864,0.09485382,0.05013292,0.03594885,0.01336239,0.07488581,0.3773509,0.003216787,0.006316722,0.08123852,0.06336229,0.000527256,0.07415617,0.2969757,0.009475745,0.007475531,0.05049005,0.001751716,0.01552868,0.003486552,0.0105213,0.03538569,0.1222583,0.02056247,0.005248133,0.01556862,0.04942178,0.02954118,0.01607082,0.08639338,0.002249302,0.04460968,0.04609437,0.02220699,0.03498532,0.07733945,0.0021474,0.1788168,0.01368281,0.02279638,0.01792783,0.01318724,0.04640601,0.04509981,0.01569554,2.775973E-05,0.02592549,0.0008982724,0.05066634,0.01458304,0.01478228,0.05470239,0.03978802,0.02377216,0.01642637,0.01993348,0.02906878,0.008587299,0.0714725,0.1056355,0.006710065,0.00160829,0.1078043,0.02628715,0.009866419,0.04108176,0.01029116,0.0609826,0.01100696,
047c3a16.jpg,0.00181361,0.0117689,0.03636596,0.001261461,0.004816373,0.01965602,0.03193146,0.0009504512,0.01774293,0.01538241,0.08569176,0.02336438,0.001133002,0.005433596,0.04146059,0.08327535,0.05023012,0.002083622,0.0140902,0.009036193,0.08033936,0.01888402,0.006674176,0.01230851,0.09267285,0.00565411,0.003746278,0.06251575,0.06525893,0.002998072,0.01265843,0.01562613,0.002401274,0.0007991008,0.01112933,0.00319434,0.01574109,0.005686966,0.1158082,0.03845251,0.06196769,0.03437421,0.01727602,0.001651861,0.007697176,0.000803119,0.08833215,0.02657052,0.001256624,0.03809508,0.005369934,0.003770174,0.001611669,0.007257522,0.001782931,0.005403396,0.006253592,0.1419594,0.007721334,0.03631891,0.008628395,0.007140805,0.027893,0.01313158,0.0119955,0.0385453,0.003114871,0.03818038,0.01449511,0.01299754,0.1708978,0.1340602,0.003227951,0.008510444,0.01963926,0.0009035312,0.06401895,0.0009563426,0.01540829,0.006467217,0.03939402,0.03349705,0.1377976,0.004594381,0.07271928,0.01146583,0.03448932,0.001519474,0.0001832878,0.03730933,0.0514176,0.03893705,0.01506688,0.01933382,0.004870888,0.006152086,0.002980271,0.009366644,0.01948327,0.007135273,0.0008100235,
048c3a16.jpg,0.03160963,0.1743727,0.00197466,0.006262745,0.01497924,0.003379822,0.04726509,0.01195483,0.064565,0.04949742,0.0223247,0.06822527,0.001388094,0.01225775,0.004177139,0.007491134,0.05257059,0.1127489,0.002994052,0.03434825,0.004898869,2.793239E-05,0.04337164,0.01477997,0.02300252,0.02165156,0.0002358465,0.02165397,0.04071957,0.002885055,0.02756818,0.0361657,0.04502479,0.006684774,0.03077243,0.006716896,0.0183845,0.001974649,0.1404475,0.002419828,0.02903531,0.08475839,0.006400126,0.007553619,0.03457573,0.07423937,0.01234519,0.5026003,0.01256998,0.08107729,0.02482023,0.003653892,0.001657778,0.003588125,0.03821097,0.03168952,0.06263819,0.004388908,0.01957827,0.02397586,0.01098847,0.001092393,0.01719594,0.00402954,0.0037711,0.03046737,0.03699689,0.06378075,0.02272378,0.03606499,0.002065472,0.0003902302,0.004787684,0.03561725,0.009181162,0.06486949,0.01219905,0.00229795,0.03007355,0.006717633,0.008116006,0.01959465,0.02875866,0.02583427,0.01926018,0.00453933,0.008381153,0.01638634,0.03955426,0.03111245,0.009876804,0.02320925,0.01521115,0.05443945,0.08917858,0.007655442,0.007518833,0.01474445,0.0006435639,0.005065903,0.01071363,
049c3a16.jpg,0.07394134,0.02000209,0.02951217,0.002773502,0.0001926342,0.001927354,0.003961408,0.01310951,0.05329751,0.0112532,0.1524604,0.086436,0.1529115,0.05299805,0.01035185,0.009700518,0.1184877,0.01381696,0.04220105,0.02217431,0.00824544,0.0004393678,0.0334226,0.001777915,0.02921743,0.04281847,0.000808769,0.003865016,0.03210409,0.009634726,0.02333008,0.0214584,0.004788568,0.1155316,0.01710479,0.0140868,0.03511021,0.05701866,0.0587336,0.01008454,0.0608778,0.0122366,0.06528056,0.003261699,0.003233198,0.05850943,0.04789463,0.0852268,0.1210114,0.001349042,0.001547118,0.01654262,0.1097699,0.06811831,0.002706861,0.0191354,0.09806313,0.04315905,0.09180626,0.04546466,0.0337182,0.0168586,0.03844059,0.03364721,0.02007061,0.02939514,0.009494032,0.008128663,0.009046298,0.01482602,0.03254784,0.006421888,0.001291949,0.002470636,0.02716868,0.0230245,0.003399396,0.1053523,0.05668616,0.01558095,0.008806225,0.03370234,0.09865547,0.08512309,0.03453324,0.01734089,0.05550253,0.02276686,0.01324106,0.003912549,0.006647813,0.03360969,0.003237606,0.04184205,0.05895822,0.001342299,0.0064955,0.007125882,0.009880117,0.01998648,0.03138203,
050c3a16.jpg,0.01833667,0.1805304,0.01319388,0.003346249,0.01639172,0.003658113,0.01854321,0.02471148,0.05037932,0.02133879,0.02686004,0.1234798,0.004076879,0.02271871,0.0997987,0.02099645,0.0030156,0.1428863,0.02277779,0.02112802,0.002871481,0.00225013,0.03877913,0.01979053,0.003479302,0.06318291,0.0573026,0.02166685,0.03642618,0.1353873,0.01603869,0.07921218,0.007699447,0.05563792,0.0454694,0.06245225,0.125181,0.0311247,0.1591584,0.01067992,0.01070964,0.01324868,0.04561809,0.07723889,0.04785167,0.1167721,0.00364934,0.05439724,0.05250835,0.5740629,0.09336465,0.006986029,0.001765624,0.01555401,0.01670896,0.01280439,0.0232007,0.1125473,0.05172516,0.01304997,0.1538491,0.01342006,0.049111,0.05335977,0.05891701,0.04181726,0.001798372,0.01626335,0.1296268,0.03997507,0.0006493353,0.02102447,0.004539594,0.04290139,0.00433347,0.05528697,0.04753795,0.00415385,0.01013304,0.00740696,0.03809168,0.04149957,0.09162568,0.04274308,0.03337674,0.1219889,0.008428117,0.003957284,0.0037685,0.009297571,0.001301058,0.06621484,0.04791294,0.03066032,0.2371966,0.03025874,0.001351004,0.01550671,0.02087911,0.01803959,0.2240828,
052c3a16.jpg,0.01192911,0.0681385,0.006095418,0.016015,0.03270877,0.002870675,0.0001242084,0.01602396,0.01045396,0.0004582315,0.03628158,0.001036095,0.001398188,0.0008867184,0.001783637,0.08445846,0.06660365,0.002349753,0.006828231,0.07211569,0.05174062,0.01300204,0.0230678,0.0239146,0.07471053,0.009054787,0.01346816,0.002734033,0.00537276,0.01400213,0.004622298,0.01865538,0.0006089035,0.01218222,0.01929994,0.03291466,0.01128399,0.01173737,0.0778738,0.04309881,0.02111769,0.002770081,0.05988231,0.01572232,0.001008048,0.003610392,0.02105218,0.003700386,0.01505746,0.0006408544,0.0007941271,0.1349192,0.0346555,0.05502906,0.01589781,0.001211892,0.04437143,0.001913234,0.009931407,0.05559285,0.01420332,0.01079311,0.01059612,0.03273574,0.003211823,0.02176988,0.01988826,0.02669667,0.020402,0.03910665,0.01124577,0.0231835,0.0841152,0.05751254,0.0009452899,0.009856995,0.005157999,0.008892072,0.00741583,0.02591383,0.03607314,0.0162352,0.02034826,0.005036552,0.04584345,0.00215462,0.03773841,0.06964532,0.006614987,0.005787437,0.009296237,0.1760986,0.00335596,0.003175887,0.007736329,0.001711286,0.02266994,0.03354019,0.0008173626,0.02145843,0.04100231,
053c3a16.jpg,0.005491382,0.009258842,0.002928135,0.01645309,0.01459005,0.06065709,0.03004045,0.01511617,0.02436167,0.006216195,0.006425326,0.005583024,0.02548015,0.005036315,0.008490415,0.1815336,0.01564734,0.0002426714,0.0005204213,0.02109992,0.02055234,0.004624389,0.04441344,7.096927E-05,0.008494733,0.01376022,0.0005361132,0.0005165276,0.02653438,0.01620869,0.001659159,0.02749062,0.01392587,0.05037921,0.04177049,0.0006593411,0.0851557,0.003420177,0.006082333,0.03425706,0.003492144,0.03049574,0.05339516,0.01643761,0.004283222,0.007131609,0.02896952,0.0006513728,0.0167035,0.0009121782,0.001451788,0.01050184,0.07627519,0.08435262,0.03487346,0.003291168,0.01475437,0.003828492,0.0263158,0.0230121,0.006248356,0.007480211,0.06912186,0.01054394,0.04716503,0.02248004,0.01770453,0.007390931,0.0009444103,0.001445064,0.01575522,0.002969331,0.003570893,0.003484918,0.004258888,0.003938728,0.005157304,0.02405879,0.01216902,0.0001034389,0.0007660309,0.05732717,0.01546451,0.007249147,0.008237524,0.004870967,0.01356986,0.1024369,0.01174871,0.001378413,0.0471484,0.07116693,5.806337E-06,0.02989106,0.00635793,0.005584325,0.01640272,0.007356393,0.0006718557,0.002508907,0.01161308,
054c3a16.jpg,0.01532346,0.0006798427,0.02603021,0.0007107799,0.0001619362,0.01195567,0.01841677,0.01005392,0.0902338,0.01357306,0.006642339,0.04622138,0.01268045,0.003794187,0.01093987,0.02024999,0.0129204,0.008460659,0.06739251,0.003356398,0.02184241,0.006181046,0.00882947,0.002550284,0.05525992,0.02813252,0.06828096,0.008554229,0.03774673,0.0229388,0.06945334,0.02195566,0.005651895,0.100194,0.05776828,0.0002025356,0.01132637,0.03762214,0.04016493,0.001091497,0.006426397,0.02923012,0.02858573,0.02219357,0.01253526,0.01551313,0.001841092,0.01318405,0.07429883,0.001268041,0.002319046,0.003483834,0.02770471,0.08448713,0.009424639,0.03478471,0.06225595,0.0003915558,0.01872448,2.286831E-05,0.03532456,0.04957181,0.01919209,0.01730617,0.051807,0.03130805,0.008446431,0.03563501,0.009678095,0.01360959,0.01308391,0.0125916,0.007528261,0.007736918,0.01986408,0.05524341,0.01218157,0.01496574,7.617784E-05,0.000671309,0.005157699,0.0417783,0.004463563,0.04058839,0.1325047,0.02383591,0.002276118,0.0003829615,0.002650487,0.001871294,0.03443685,0.2141909,0.0008674687,0.03362686,0.07408893,0.1018995,0.02988442,0.02536347,0.02627664,0.06906297,0.05063495,
055c3a16.jpg,0.03862449,0.007317686,0.009639726,0.01755879,0.0001133299,0.1631483,0.02461332,0.02501255,0.004184064,0.0134668,0.0298753,0.02646569,0.01149338,0.08820855,0.01594605,0.01085888,0.01453519,0.01869482,0.03637376,0.02507625,0.01151956,0.01300546,0.02973492,0.02217121,0.03406485,0.03946721,0.0362874,0.04891159,0.01034854,0.008295306,0.05846102,0.007441067,0.004284373,0.07108168,0.07163254,0.008961175,0.003099412,0.01684189,0.02957647,0.02351973,0.0197963,0.008627337,0.006391671,0.01663717,0.01065193,0.03269777,0.01494808,0.0004697811,0.08615682,0.02597369,0.02086703,0.004734057,8.182926E-05,0.03842637,0.1138642,0.0206098,0.03615071,0.02259617,0.01586878,0.009615323,0.07856648,0.01517681,0.006277982,0.0004816737,0.00869979,0.01085549,0.0007143395,0.002418232,0.00638391,0.06637903,0.0223113,0.0009979911,0.03130919,0.02658487,0.01319957,0.04897465,0.0372306,0.09624474,0.002254153,0.02900765,0.01659915,0.06299065,0.01551362,0.001580545,0.03582713,0.007978168,0.05017658,0.003488367,0.006783551,0.03624214,0.01847359,0.0001214036,0.01300132,0.02307451,0.01889648,0.0322025,0.02797895,0.0111658,0.04597283,0.02827757,0.01786674,
056c3a16.jpg,0.01354853,0.04911765,0.02238007,0.008450359,0.03964216,0.0228638,0.01837631,0.002838868,0.008599538,0.003605989,0.03109265,0.0087854,0.008873643,0.003432104,0.03425281,0.03352395,0.005434377,0.004459868,0.1028983,0.001310562,0.006754618,0.001184664,0.009851584,0.007034359,0.01662655,0.001194052,0.001607253,0.007759195,0.03104657,0.01857234,0.1125248,0.114044,0.0538482,0.004898138,0.02856994,0.04002836,0.02513872,0.0167089,0.08519367,0.007914576,0.01346485,0.007351034,0.0961768,0.003311574,0.007963632,0.01524683,0.0105852,0.03861291,0.0003430316,0.03650916,0.004540907,0.007500562,0.05682472,0.007628679,0.001941416,0.07390336,0.01938967,0.04826656,0.01908592,0.05531222,0.06027777,0.000635678,0.03946554,0.007496882,0.08412456,0.08234565,0.102624,0.0002592297,0.003590481,0.03501549,0.0007422808,0.003747258,0.0008573188,0.02810734,0.03161202,0.001864617,0.006996099,0.01894777,0.01201197,0.004279823,0.01046052,0.03215122,0.008613024,0.03847086,0.0009085155,0.001322796,8.82072E-05,0.003454584,0.03884031,0.00078114,0.00582508,0.005555725,0.004202,0.01117597,0.0150948,0.0163127,0.0003738838,0.02274003,0.02987896,0.03699052,0.0117395,
057c3a16.jpg,0.01410978,0.009173496,0.01725394,0.006950065,0.005065446,0.01172389,0.04146951,0.01709753,0.04197684,0.01613944,0.01417442,0.005008773,0.00158067,0.009758585,0.004489343,0.001575087,0.004816253,0.0007148302,0.03840765,0.003507131,0.002768811,0.03660947,0.01127154,0.01778648,0.00966541,0.01128527,1.76511E-05,0.002898678,0.004436935,0.0169055,0.008811265,0.003675437,0.002235634,0.07651954,0.007570823,0.0002120087,0.007058337,0.0005190825,0.08263511,0.002224221,0.01896333,0.0567262,0.0008189505,0.04980421,0.01217887,0.008191571,0.06304049,0.05349199,0.04809816,0.01195245,0.004157316,0.08934283,0.01532587,0.002354349,0.02312053,0.008863641,0.199817,0.02742483,0.001262164,0.0002393817,0.01437889,0.001129997,0.03466564,0.01692455,0.08841041,0.01401281,0.002619954,0.003041564,0.01693174,0.005340129,0.09048864,0.03378186,0.0004589215,0.007487365,0.004515943,0.01181113,0.007858859,0.004491106,0.00217434,0.004898764,0.006865454,0.02197662,0.1844202,0.01122089,0.0002218712,0.004436417,0.01517664,0.008498247,0.002162191,0.0001455928,0.01384739,0.002215766,0.02339981,0.008882933,0.03657449,0.01187922,0.008572013,0.00555361,0.04532174,0.003749915,0.009777035,
058c3a16.jpg,0.001878479,0.01508411,0.004328237,0.0753891,0.03837518,0.02118679,0.002615267,0.01229908,0.02584948,0.01149704,0.0001532527,0.002724844,0.01004509,0.02380752,0.005008863,0.01893191,0.00608227,0.01315923,0.002264671,0.01420974,0.004734312,0.01855689,0.0005026983,0.0448063,0.001963895,0.02604842,0.02951046,0.02319654,0.05331855,0.002797193,0.004843297,0.02708348,0.02907856,0.01621587,0.01526265,0.001971406,0.01358543,0.0003289546,0.01837944,0.02233744,0.01315585,0.04257851,0.03029652,0.05383598,0.0192578,0.02661318,0.03161063,0.001281526,0.0113027,0.004150764,0.01289326,0.06201873,0.03144832,0.001093843,0.1086696,0.02770465,0.03824183,0.05555168,0.005278719,0.0061464,0.00751945,0.002417651,0.01084935,0.1521009,0.023179,0.007060875,0.0003907442,0.001231768,0.01732706,0.01433069,0.01237475,0.02325654,0.02955542,0.07012237,0.001566148,0.03419528,0.04711416,0.007889546,0.001213146,0.07646462,0.03315818,0.04535417,0.001156039,0.003169789,0.003348409,0.000119467,0.004594182,0.002582089,0.04273909,0.003011485,0.03410116,0.1329364,0.001693888,0.0571164,0.001190904,0.002738978,0.00954857,0.001681314,0.04450357,0.03281768,0.02725401,
059c3a16.jpg,0.0004692514,9.295119E-05,0.002703524,0.04139102,0.007374233,0.02908712,0.06402656,0.008954237,0.001312512,0.007078857,0.005907407,0.005065009,0.01853536,0.005008645,0.04872511,0.04583496,0.02008762,0.03625946,0.005459353,0.002862557,0.01360099,0.001328988,0.002887924,0.001314617,0.01187726,0.01823244,2.126164E-05,0.03235406,0.004106227,0.02441571,0.04460848,0.05633049,0.007626256,0.04308112,0.001774101,0.03629084,0.03909861,0.006246364,0.01698457,0.02976395,0.01017954,0.04373253,0.06311803,0.02299342,0.06340165,0.02421672,0.003553248,0.002164729,0.0009504992,0.001702715,0.005904755,0.02618401,0.005552068,0.01452317,0.114883,0.0001259667,0.0414232,0.0121434,0.01111243,0.006696719,0.0004969189,0.01645753,0.03641452,0.004416479,0.0009755402,0.004364243,0.0004921315,0.04478448,0.02829939,0.0124865,0.009163451,0.2293641,0.04351639,0.002662704,0.02358478,0.007384108,0.007958191,0.1114806,0.01774723,0.01619492,0.05846627,0.04745632,0.008553985,0.05024531,0.007968429,0.002157893,0.02688114,0.01674382,0.06774715,0.005065346,0.1873003,0.06336067,0.002993001,0.0002539933,2.614989E-05,0.006598446,0.07762311,0.04430204,0.002179238,0.0191058,0.003939463,
060c3a16.jpg,0.01129066,0.05860462,0.01597174,0.01871019,0.01555505,0.002893227,0.01926781,0.03877402,0.02106564,0.004153867,0.05012389,0.1102566,0.0005383928,0.02432199,0.04285754,0.01888451,0.02511702,0.006754191,0.05046914,0.02174387,0.006245011,0.0002470963,0.03828145,0.0717315,0.02404181,0.001873278,0.0009759502,0.007138115,0.0108833,0.001394419,0.002868311,0.004178215,0.1094294,0.007974816,0.003547671,0.003446115,0.04257554,0.01725875,0.06604899,0.01113614,0.01331702,0.05006142,0.007644201,0.004286959,0.01010178,0.08195961,0.01862576,0.0559464,0.02649518,0.0007269888,0.04362601,0.0002127076,0.003503875,9.287219E-05,0.002831199,0.005984379,0.02768479,0.002827003,0.05508013,0.3673655,0.007512587,0.0007229651,0.006812721,0.006748858,0.002299857,0.0002773701,0.06686279,0.03593442,0.002497825,0.004284577,0.01480282,0.004158037,0.0542763,0.01680288,0.09461443,0.01617882,0.06316264,0.0001607846,0.01741225,0.005522433,0.006149338,0.03511015,0.1717055,0.03646384,0.002261102,0.004255605,0.03109762,0.01158783,0.0001349766,0.1044811,0.006505971,5.585354E-05,0.01396414,0.08307753,0.03585891,0.1603816,0.006389887,0.008350327,0.03610902,0.0006560999,9.793531E-06,
061c3a16.jpg,0.0145277,0.01481926,0.003319639,0.00506631,0.001163591,0.01284525,0.08309831,0.04099386,0.008140351,0.007332304,0.0153366,0.01368648,0.01050943,0.0305702,0.005952084,0.05292458,0.01944831,0.003957179,0.005157679,0.06982277,0.01441947,0.001132946,0.004543103,0.02258046,0.03686865,0.03348834,0.02389441,0.09698258,0.02223575,0.02249854,0.007861028,0.004621788,0.003438854,0.08665296,0.0107976,0.02028068,0.04818052,0.03636233,0.06575694,0.005463148,0.0006999971,0.04420767,0.0003277523,0.02106782,0.01365627,0.0710421,0.07903264,0.001310077,0.0101419,0.05318933,0.02895962,0.006944379,0.002752585,0.005556112,0.03281912,0.002700156,0.005096307,0.007120281,0.005682093,0.001592287,0.485469,0.03353722,0.01710699,0.01312913,0.05059585,0.01277565,0.03280459,1.74122E-05,0.0225144,0.06237054,0.000848566,0.02620566,0.008241148,0.01219783,0.0004385344,0.03847282,0.03440822,0.00344418,0.003956901,0.004308893,0.06379442,0.0685419,0.004385361,0.01145278,0.006333185,0.01043975,0.01640684,0.03217784,0.0413171,0.0154771,0.007617824,0.04490161,0.008227099,0.01631176,0.02067309,0.003190545,0.0003033794,0.02610769,0.003692127,0.114937,0.03013066,
062c3a16.jpg,0.082624,0.02581416,0.0224941,0.0001462601,0.04704816,0.0158402,0.009918828,0.06684846,0.004256474,0.01452584,0.00721444,0.01456536,0.03313098,0.09558684,0.02056839,0.01118998,0.1268143,0.001918939,0.001452165,0.06066341,0.003195818,0.006613504,0.04020156,0.01641497,0.08779804,0.03190123,0.05494906,0.001216404,0.0530249,0.01689217,0.08015594,0.05290621,0.09776677,0.0453399,0.02087312,0.01756669,0.02689604,0.03984981,0.1617634,0.08714512,0.01605383,0.02345217,0.001107595,0.09155307,0.02597338,0.002228911,0.01396813,0.002665339,0.009322372,0.009983489,0.05044189,0.0310911,0.02289195,0.1577641,0.04699658,0.001329506,0.0481577,0.006639605,0.02820367,0.01004868,0.07507086,0.328061,3.616534E-05,0.0554881,0.01885677,0.0741728,0.03880787,0.003134127,0.006081537,0.02618388,0.0007834855,0.004438585,0.06280507,0.006476249,0.003769557,0.03929117,0.01964869,0.014743,0.005281354,0.007448141,0.003885233,0.02815809,0.02760718,0.0252787,0.003858577,0.01926435,0.0168216,0.007993662,0.03042187,0.004487013,0.103689,0.1000591,0.03041347,0.01131918,0.001484121,0.004870618,0.02613435,0.05821792,0.02976368,0.0182973,0.01248031,
063c3a16.jpg,0.02167361,0.008319761,0.006411785,0.00925113,0.005615721,0.02622268,0.004178384,0.1337575,0.2177429,0.001585138,0.0195967,0.005065757,0.1365014,0.0900962,0.02388159,0.02702673,0.02114945,0.007739211,0.1225845,0.001339998,0.006011961,9.587786E-05,0.009629269,0.01476423,0.0688789,0.05507297,0.0002261634,0.04403607,0.03607135,0.05412042,0.02796176,0.0001945807,0.07159226,0.01369669,0.009626798,0.01901838,0.1072,0.05448911,0.1629658,0.004308524,0.001734092,0.04862254,0.1127019,0.06028371,0.0002215441,0.01283424,0.07117639,0.07939966,0.02283636,0.004436322,0.02628869,0.008109461,0.06024809,0.02069429,0.0001720798,0.05248394,0.09953503,0.003492331,0.01770828,0.02472898,0.05161561,0.003481925,0.3191729,0.0256075,0.01175787,0.03240826,0.0151323,0.007515112,0.009681833,0.002456041,0.03525605,0.02268942,0.03505122,0.0012316,0.007605003,0.04775922,0.0005668558,0.00780585,0.0464008,0.0002454692,0.08162241,0.007214314,0.01643315,0.02714989,0.02112203,0.005653843,0.005853592,0.1087232,0.08269719,0.001324545,0.06981427,0.03241948,0.007809888,0.0001553941,0.01468677,0.01026666,0.002572333,0.09198283,0.01410919,0.0003743078,0.09085898,
065c3a16.jpg,0.03472098,0.003748117,0.003808847,0.03752046,0.01377723,0.002606265,0.01241348,0.06423249,0.02902749,0.00443717,0.000586198,0.01286773,0.008670884,0.0003782437,0.01088984,0.005065994,0.1152389,0.005341766,0.008191123,0.01592176,0.001964291,0.0001069106,0.0190277,0.01884369,0.01736542,0.03359099,0.003249897,0.003956677,0.02922265,0.008184033,0.08604027,0.006401692,0.0118903,0.03117985,0.008465474,0.006976364,0.003793958,0.008733001,0.0318427,0.0005841499,0.02432679,0.04170415,0.01241502,0.1247432,0.00352503,0.02997312,0.01065165,0.001201262,0.01341474,0.08562254,0.002317896,0.002757686,0.00372083,0.02362006,0.003546417,0.01378898,0.07434227,0.01883934,0.008437608,0.03451648,0.001221131,0.003769873,0.02391104,0.02206088,0.461446,0.01206497,0.08459368,0.01232121,0.001414831,0.04326838,0.01718908,0.004259479,0.02124069,0.09500285,0.006979149,0.01802102,0.02342626,0.003530427,0.03002459,0.0001517062,0.003723027,0.0003857997,0.03346574,0.06157228,0.05051436,0.0001486934,0.003721353,0.02321823,0.0513703,0.006651599,0.000483147,0.05896685,0.0003164932,0.06271087,0.008411122,0.007610151,0.01385077,0.03770792,0.0873299,0.001776552,0.03568745,
066c3a16.jpg,0.01271766,0.02837849,0.005890733,0.001240406,0.0107817,0.03613226,0.002815839,0.02194019,0.003063064,0.02478374,0.002695108,0.001155543,0.04266318,0.02232004,0.007131977,0.002487975,0.1472544,0.04439081,0.02077413,0.001017721,0.01153575,0.04562506,0.006456333,0.007935987,0.01754655,0.08577541,0.03652462,0.007447178,0.0003705129,0.008347553,0.006679678,0.01415062,0.08299497,0.02446196,0.01067392,0.04572885,0.009747272,0.07328053,0.01061559,0.0175748,0.1144886,0.004204186,0.0008274797,0.0001233334,0.01400041,0.006862064,0.00438477,0.01214654,0.0009337377,0.004178733,0.01398568,0.04870683,0.03075735,0.2027364,0.1184003,0.02048604,0.07930963,0.003127654,0.006423032,0.02094981,0.03145624,0.01362302,0.01305477,0.02338623,0.009930462,0.1166005,0.02171503,0.02740512,0.00631597,0.003869334,0.007159424,0.03993914,0.08004902,0.03980308,0.02110618,0.01766011,0.02898529,0.0354143,0.01981153,0.007357372,0.002939543,0.06624749,0.0001369119,0.04647759,0.004410634,0.005341259,0.02057922,0.02167823,0.02287574,0.0247413,0.02971346,0.03194486,0.002097457,9.889263E-05,0.001569082,0.004816107,0.0008025579,0.1023563,0.03971364,0.0040326,0.007739047,
070c3a16.jpg,0.008583589,0.03522933,0.01027645,0.02570369,0.02041556,0.007205749,0.01206737,0.002597766,0.1034942,0.009961062,0.0548418,0.005684403,0.09472306,0.01603471,0.06341745,0.05194987,0.006538836,0.02603867,0.06314927,0.007097587,0.003360661,0.008021693,0.02098237,0.05176283,0.0004569713,0.008290478,0.0841495,0.001005405,0.005342044,0.01784276,0.01893131,0.02301408,0.0001274571,0.02994955,0.01168367,0.0369328,0.02529022,0.0243411,0.02531335,0.01607348,0.09655859,0.05689014,0.003460626,0.01043637,0.0002135511,0.02715439,0.01024276,0.001147685,0.006252099,0.002897038,0.00391626,0.004359095,0.01834261,0.0233591,0.04194627,0.0187259,0.02601564,0.02358306,0.02758842,0.006047583,0.004007238,0.01960929,0.001539947,0.007368216,0.05846465,0.08277858,0.007289344,0.005462212,0.009829795,0.03103575,0.01623761,0.0003681836,0.03584678,0.0245327,0.01461492,0.01502548,0.06291448,0.0007037602,0.03757832,0.00403061,0.08261365,0.01149915,0.04157964,0.02571618,0.08536926,0.0001784843,0.03349728,0.0654991,0.00232076,0.00509683,0.003630141,0.03515505,0.01030529,0.00642948,0.02447774,0.0008217931,0.05258217,0.004053985,0.00575789,0.04885349,0.004434858,
071c3a16.jpg,0.03020681,0.006567482,0.02498372,0.004815897,0.0272916,0.01390757,0.009251974,0.0276613,0.1016687,1.627627E-05,0.02207691,0.04667883,0.02473262,0.06762974,0.006079404,0.03551923,0.04962468,0.002539415,0.009585658,0.001236321,0.02366051,0.06219171,0.007226385,0.006534046,0.008221639,0.01392641,0.004569274,0.01186368,0.06388099,0.001481366,0.007636426,0.01877834,0.01476545,0.01488243,0.02477034,0.001351901,0.02550552,0.001779781,0.02464098,0.001115429,0.001129926,0.04935668,0.0004359436,0.001907958,0.01003283,0.001475375,0.01585115,0.001339214,0.04032067,0.01108424,0.001067709,0.04251671,7.845369E-06,0.00025108,0.05587667,0.06130281,0.05155014,0.002742849,0.01403238,0.01457047,0.011051,0.03773567,0.0001578417,0.004234329,0.0185472,0.08260552,0.08010003,0.002221064,0.003944442,0.0185334,0.03268472,0.02908953,0.05303128,0.004032134,0.001098848,0.05250744,0.004056084,0.04371464,0.1039341,0.0008539711,0.02154406,0.006426387,0.02222978,0.007128724,0.007289707,0.006899966,0.008580009,0.0100282,0.003752007,0.0005029421,0.01103396,0.01130635,0.001274814,0.03708381,0.02874215,0.00149746,0.02948351,0.05837468,0.001392091,0.007122329,0.01550076,
072c3a16.jpg,4.546117E-05,0.004334226,0.01100966,0.01982451,0.003100372,0.0009735429,0.0003667519,0.002294111,0.001354301,0.01915023,0.0001985731,0.004515862,0.006430237,0.004052478,0.001585313,0.003374803,0.04654313,0.0007601352,0.00443759,0.002022458,0.004057597,0.01425942,0.01685481,0.006791448,0.001832105,0.003129462,0.001641156,0.003372429,0.009092934,4.676586E-05,0.01288752,0.004622005,9.663527E-05,0.003114324,0.004843099,0.007974522,0.007176254,0.0009489567,0.02104645,0.02345281,0.007280584,0.00166111,0.02936749,0.05229609,0.01339776,0.004152027,0.008875473,0.0009054389,0.01129912,0.0009281445,0.001585328,0.0008900354,0.008691326,0.005341487,0.009860086,0.0008800662,0.01030023,0.003280235,0.005714742,0.001242059,0.001802819,0.007100008,0.001290386,0.005401742,0.04072246,0.002419553,0.04656431,0.01545478,0.004597105,0.006048654,0.0321813,0.4191948,0.007988481,0.01230972,0.008807636,0.002421391,0.01476507,0.000393188,0.02160177,0.02670505,0.02786419,0.04080205,0.003818332,0.02578584,0.05961712,0.003050438,0.08004559,0.01749039,0.006363151,0.01846755,2.488152E-05,0.09927873,0.03780928,0.01135103,0.0003145333,0.03121092,0.0009439132,0.02598211,0.01154926,0.02063148,0.001105254,
073c3a16.jpg,0.005432121,0.0677007,0.007848305,0.02258799,0.0005641556,0.006214925,0.1144279,0.01469775,0.003615247,0.001820682,0.01192472,0.002706258,0.09493563,0.02430788,0.02558045,0.04395467,0.1139991,0.01366691,0.01057499,0.05047589,0.007240803,0.01387598,0.01816638,0.02105355,0.01722507,0.1342471,0.02248804,0.007377802,0.1370654,0.04002819,0.02276443,0.1193734,0.0001204196,0.02129123,0.006652869,0.09659166,0.03841165,0.02375163,0.04809752,0.0317624,0.001744941,0.003206932,0.09387874,0.191626,0.005219209,0.006578938,0.03930036,0.03833197,0.01617953,0.003286466,0.006568621,0.0324229,0.06891551,0.04840376,0.009190573,0.00905033,0.07421432,0.04223728,0.009831945,0.03631891,0.04507847,0.06576056,0.07654878,0.004411721,0.002388579,0.00166368,0.01153861,0.04898419,0.004056563,0.01754043,0.02562779,0.02652428,0.987545,0.00592015,0.007815064,0.001488839,0.00914159,0.04573142,0.03074014,0.05022502,0.005686224,0.03706081,0.02818917,0.04238519,0.003766085,0.0009322986,0.07026136,0.01150045,0.005586573,0.01335676,0.02785255,0.008841533,0.0182388,0.0008162388,0.003676414,0.004843222,0.02959371,0.009997252,0.01709498,0.02645118,0.008296249,
075c3a16.jpg,0.0910318,0.0009987447,0.01197848,0.03592062,0.01903345,0.09744582,0.002413235,0.01793311,0.00182578,0.003198482,0.02206882,0.0676618,0.002433214,0.01989623,0.04574946,0.01112798,0.001502839,0.004008908,0.07788426,0.003448065,0.02841164,0.02423906,0.03490451,0.009110455,0.03245693,0.01431977,0.01289888,0.02276295,0.0009640513,0.01006095,0.001020153,0.007361878,0.05175217,0.02011496,0.003891304,0.003143894,0.01117988,0.02815242,0.0114604,0.01006841,0.06718768,0.02648895,0.03144156,0.02058319,0.01059557,0.04458605,0.02326735,0.01918465,0.0007519228,0.01013986,0.09007741,0.007510662,0.06415322,0.0007873112,0.04256029,0.05121269,0.001143612,0.005366988,0.03324994,0.1050239,0.01082949,0.01284292,0.0007366104,0.02708236,0.01287938,0.008436921,0.0136846,0.02277781,0.001014411,0.01099574,0.0005117133,0.01421951,0.09530922,0.03222454,0.3883778,2.567075E-05,0.06879008,0.006243682,0.01297793,3.310585E-05,0.003060869,0.001357458,0.02071409,0.04388734,0.007563642,0.001409965,0.01736432,0.02063782,0.01207696,0.0258485,0.0519186,0.006313023,0.0009711462,0.01615375,0.02608412,0.1241088,0.001382863,0.01083141,0.04547214,0.00241548,0.04542014,
076c3a16.jpg,0.01019016,0.008405359,0.01466164,0.03694023,0.006390275,0.0001413043,0.009176417,0.004308351,0.005583373,0.002206896,0.0008821603,0.001304765,0.01354193,0.0185908,0.008767379,0.02485202,0.03481764,0.002292503,0.07955991,0.00348562,0.008168919,0.01653733,0.006246131,0.001042757,0.01884113,0.004099327,0.001261829,0.005372398,7.934447E-05,0.006749038,0.01628185,0.07066512,0.001088929,0.06145142,0.06726453,0.03937439,0.006864791,0.00500887,0.009808496,0.0249863,0.02178081,0.0139736,0.001995179,0.02156626,0.01718946,0.01475319,0.003479571,0.00503633,0.0233721,0.006152086,0.004899019,0.002502766,0.0002377971,0.03743614,0.0004863752,0.007695404,0.004309653,4.157393E-05,0.006425437,0.04469713,0.02042525,0.005618691,0.0003859925,0.002136301,0.03560942,0.001367975,0.04996614,0.002783186,0.01760664,0.01853233,8.774377E-05,0.009293623,0.001215933,0.01623218,0.03336626,0.08040117,0.004705446,0.002622766,0.01352699,0.003867938,0.05448296,0.01414083,0.002977436,0.02457179,0.003266158,0.06932164,0.0162436,0.01980791,0.04038775,0.00121508,0.01878361,0.02763562,0.0001783264,0.03205697,0.008063513,0.05111266,0.0001353634,0.009024446,0.003811833,0.02248963,0.003328163,
078c3a16.jpg,0.005036203,6.365112E-05,0.0003435687,0.01526091,0.05112684,0.01037711,0.01548288,0.04242624,0.01370617,0.004489793,0.0161523,0.01255489,0.006534448,0.0381633,0.01563225,0.03952492,0.002508139,0.000601761,0.04920712,0.001483661,0.009959073,0.001287406,0.01210479,0.0587617,0.09442056,0.02650031,0.08064779,0.005096593,0.001225993,0.0302258,0.005432241,0.009328424,0.0140716,0.02507607,0.002249069,0.07362819,0.03068742,0.01803268,0.0008123881,0.004361305,0.008129122,0.06280974,0.01831706,0.0570762,0.01193544,0.03466501,0.02046118,0.01425242,0.001261265,0.008234506,0.004570395,0.009509142,0.001423087,0.00420471,0.01031068,0.01749267,0.101217,0.03387801,0.001007507,0.03841499,0.1021871,0.003912725,0.008828436,0.003658546,0.05057601,0.004489723,0.0004914398,0.01671969,0.005277975,9.496559E-05,0.001132838,0.1273005,0.05655372,0.002485422,0.01209053,0.02829705,0.02571746,0.2459597,1.742136E-06,0.02338,0.002295551,0.01700521,0.004231465,0.005751363,0.0002935564,0.01027002,0.006541817,0.002921474,0.01210866,0.09920353,0.02026231,0.00210049,0.03172034,0.008344933,0.0007717832,0.006467401,0.04724872,0.006676896,0.04496168,0.01285337,0.0660343,
080c3a16.jpg,0.02614571,0.01631202,0.004622069,0.0187694,0.001747935,0.01059657,0.008083779,0.0006066837,0.02235812,0.0117106,0.03873045,0.02606403,0.002565953,0.0007142643,0.03513114,0.002290162,0.05588766,0.0391208,0.003577806,0.05377153,0.01518145,0.005612634,0.004546052,0.001750324,0.1130997,1.434094E-05,0.00394144,0.05094726,0.0621525,0.009752939,0.0003268429,0.02125776,0.0009144069,0.008247609,0.2085281,0.01371555,0.003298966,0.01301745,0.01235682,0.00248341,0.005518718,0.03730383,0.01406331,0.004238974,0.03342171,0.008919665,0.03711361,0.008734581,0.01790976,0.04408917,0.008891616,0.005812252,0.01622496,0.01369614,8.983142E-05,0.002142003,0.02923354,0.002033468,0.06021284,0.04455932,0.08253889,0.0005365431,0.02177991,0.009568346,0.01538545,0.02009322,0.04210214,0.01401727,0.009356624,0.01066373,0.03222356,0.009356291,0.1239264,0.001552952,0.001305918,0.02189378,0.004440345,0.02075951,0.1092149,0.06877976,0.02485419,0.007081516,0.01193468,0.06588788,0.005096136,0.0004538553,0.0112342,0.0008404494,0.0003897593,0.00247773,0.01118107,0.02250979,0.01025308,0.0352972,0.04277793,0.1308756,0.02798667,0.01158204,0.03496349,0.01881907,0.003891275,
081c3a16.jpg,0.01662654,0.02860042,0.01214967,0.1556802,0.003338055,0.02199152,0.00608472,0.05302627,0.00337946,0.02275914,0.002063866,0.009414665,0.00970091,0.03034167,0.1018485,0.004926033,0.06731702,0.06955621,0.03756079,0.006397329,0.01441989,0.004843552,0.01271166,0.02578265,0.002844515,0.008872463,0.02095571,0.02817705,0.2743886,0.0008725252,0.01259762,0.02424479,0.06862928,0.03833932,0.0127348,0.03574194,0.1440716,0.03297492,0.0154648,0.01599711,0.03668806,0.01857089,0.1981962,0.04991702,0.05327424,0.007450032,0.009493588,0.08209348,0.04743031,0.00668791,0.009491097,0.01295615,0.03694516,0.0463677,0.006086053,0.004004016,0.04114726,0.01170924,0.04984761,0.06253206,0.01009736,0.008820823,0.01364942,0.003936208,0.146404,0.006328095,0.09940647,0.006859174,0.03957367,0.007687289,0.009880758,0.0072799,0.0444403,0.01255209,0.02337419,0.02182038,0.01443916,0.004206462,0.00264619,0.02986954,0.07926298,0.0125945,0.01859716,0.02802044,0.009542583,0.005372968,0.007415414,0.04992031,0.01430111,0.0001209212,0.05493968,0.0171163,0.02278204,0.007013392,0.0121224,0.1150455,0.001671704,0.02987478,0.006696859,0.03070636,0.01607946,
082c3a16.jpg,0.005008784,0.02847885,0.008539021,0.01280987,0.001746143,0.0004536831,0.01957012,0.01083274,0.04048626,0.02742563,0.008312276,0.01863657,0.01847033,0.0006926361,0.0213922,0.03564901,0.04298441,0.07380499,0.00305462,0.01809405,0.01769194,0.03851531,0.01106084,0.01236255,0.1411544,0.003168314,0.002086959,0.020223,0.2845689,0.003960934,0.007776721,0.002562536,0.005065982,0.003912405,0.002530027,0.05530648,0.01416112,0.02664726,0.04190929,0.001201604,0.01390481,0.02904034,0.1798642,0.002381465,0.04679851,0.1088467,0.009011793,0.00286659,0.05731628,0.009047818,0.01717044,0.01138488,0.03920772,0.04820949,0.0046499,0.01767814,0.01439581,0.000732121,0.05175579,0.02074823,0.09006055,0.0006653345,0.05026813,0.001679956,0.01087725,0.01469562,0.003420829,0.1215895,0.002214886,0.02724124,0.01377981,0.009394831,0.01117579,0.0009212766,0.01375206,0.01093794,0.05240432,0.005036244,0.04081185,0.0007901921,0.006649616,0.3085363,0.003590774,0.02044865,0.02192973,0.003544373,0.01255616,0.004359401,0.06003711,0.01079468,0.057176,0.01352657,0.0155496,0.007244335,0.005249409,0.003112388,0.002052705,0.07625611,0.01604718,0.04585415,0.003348321,
083c3a16.jpg,0.002947071,0.001121532,0.004330781,0.06273374,0.05911395,0.005368583,0.006179147,0.005781678,0.01974324,0.01602064,0.07312662,0.1316708,0.001133089,0.02359104,0.003868484,0.06071948,0.0008797234,0.04428318,0.03135828,0.01128659,0.04091727,0.009868406,0.07126109,0.005553365,0.0002856253,0.01251705,0.001373592,0.04691991,0.01141885,0.02175089,0.01891308,0.01014924,0.03404421,0.0260051,0.001877733,0.1191883,0.09482738,0.01009492,0.01431716,0.001200464,0.02915786,0.007210792,0.03439206,0.003711386,0.03332647,0.01267574,0.1517004,0.107422,0.01380484,0.07474652,0.0506988,0.03012073,0.02090297,0.09937286,0.0254532,0.01633054,0.05863197,0.05704786,0.01733599,0.08701921,0.01294377,0.01130316,0.009659534,0.006496848,0.03273992,0.09122675,0.02011274,0.05265493,0.01163617,0.04641715,0.07834582,0.06064202,0.05791372,0.03998433,0.01468404,0.01358668,0.1317763,0.006705668,0.1244642,0.002785973,0.03430462,0.0005741177,0.3591128,0.02166798,0.003888538,0.006182578,0.001237537,0.01173666,0.006819941,0.0001758622,0.01723778,0.003849938,0.000402441,0.01532559,0.02931866,0.02990385,0.02530762,0.0715616,0.1130329,0.002186265,0.01957195,
084c3a16.jpg,0.0007222904,0.005819226,0.01234106,0.0189497,0.001670867,0.014588,0.05814578,0.01106659,0.01413423,0.009288604,0.002795078,0.01211951,0.02494152,0.009340312,0.01202266,0.08322608,0.0439818,0.01740087,0.00549481,0.009233694,0.003616507,0.001478376,0.002854076,0.006087048,0.03362399,0.01795624,0.01604359,0.00475968,0.08540196,0.008677858,0.04238755,0.0173359,0.01134747,0.001258557,0.02507886,0.001291319,0.007491739,0.005526585,0.007659723,0.02313419,0.0002954171,0.004539165,0.01249129,0.009257241,0.02434608,0.06489713,0.02423629,0.01161117,0.05054815,0.0287528,0.003530547,0.01575366,0.03781265,0.001075718,0.002318185,0.01447035,0.07992643,0.01585055,0.05561723,0.02939612,0.1327301,0.04329953,0.03223851,0.0005236877,0.02210423,0.01677423,9.244402E-05,0.03230754,0.0009713438,0.1601831,0.04094899,9.131043E-05,0.03451012,0.02292953,0.0360052,0.01254375,0.006259274,0.001418392,0.02941302,0.1039083,0.03238853,0.02900364,0.004705008,0.06988764,0.003144145,0.0009956424,0.03294149,0.01632473,0.01243785,0.01169119,0.0652948,0.02937527,0.01026051,0.003421092,0.0006754198,0.04843802,0.002326069,0.003290096,0.02061619,0.1058918,0.02751955,
085c3a16.jpg,0.03212874,0.03103949,0.02463805,0.006256743,0.01380194,0.2601261,0.02554064,0.03038249,0.0294464,0.02103848,0.001820902,0.007718111,0.05710977,0.006359224,0.1197722,0.0565288,0.01481797,0.2157471,0.0007560344,0.005339688,0.030827,0.06441915,0.02750056,0.07680327,0.09322397,0.09220754,0.0007730023,0.0009045291,4.560606E-05,0.03285223,0.05075241,0.0115958,0.004180232,0.1076537,0.006325433,0.002113902,0.1170106,0.01035778,0.12563,0.07403903,0.01355419,0.04997449,0.002108863,0.2196231,0.08842077,0.09847198,0.002292645,0.0386549,0.01699986,0.006503295,0.002265169,0.00276302,0.005651637,0.0106618,0.1202114,0.01343796,0.005879935,0.03237634,0.001876197,0.1013424,0.006212607,0.0006812266,0.01947176,0.09737599,0.05225514,0.02993918,0.05058487,0.2108503,0.07622814,0.06069415,0.000209504,0.0534164,0.04973381,0.0001659235,0.01156599,0.02394693,0.1247058,0.001643141,0.00209046,0.009728502,0.02140829,0.05203,0.001452424,0.008538359,0.6783767,0.01657809,0.1732021,8.074307E-05,0.01492124,0.01888718,0.006432947,0.03608293,0.007716633,0.003801546,0.006357653,0.006749901,0.04296078,0.006816454,0.06523056,0.05094466,0.05879386,
086c3a16.jpg,0.01742386,0.004332322,0.002864807,0.01841106,0.00867401,0.02364173,0.01250128,0.03301084,0.002088752,0.0001657623,0.04536923,0.002630516,0.006685084,0.02350964,0.009585129,0.06504062,0.02095541,0.009983895,0.001935463,0.01894956,0.04038228,0.04632898,0.01781445,0.006188848,0.02694263,0.0001335484,0.0001203875,0.01870316,0.02060638,2.515571E-05,0.01064706,0.01530485,0.004870559,0.06130343,0.00481496,0.01594396,0.02446613,0.0009368259,0.009154896,0.002320079,0.009463204,0.067963,0.03006732,0.02397769,0.01642603,0.01585246,0.04723098,0.00462199,0.001165506,0.002987598,0.01373711,0.001671663,0.05764531,0.000255199,0.0007619849,0.01615624,0.07001315,0.009829128,0.001534994,0.1869437,0.01469802,0.02810242,0.01647509,2.497685E-05,0.001187997,0.0439377,0.05028319,0.0028842,0.0391782,0.008325993,0.04661876,0.01554875,0.06415462,0.0115866,0.01201774,0.0008076754,0.001388826,0.01015696,0.03346337,0.0113345,0.07574883,0.04646787,0.234908,0.04138755,0.01792703,0.02994899,0.003433384,0.0524238,0.01549428,0.005036694,0.004898082,0.005816867,0.02304129,0.04263758,0.06628224,0.03363026,0.003113868,0.005619278,0.001437004,0.008072986,0.0004854949,
088c3a16.jpg,0.007122992,0.02243917,0.05499906,0.1300511,0.004926513,0.02490567,0.01034322,0.01511011,0.001046319,0.01444595,0.04086283,0.002873588,0.01048318,0.01968222,0.07673879,0.003679914,0.000331081,0.01783842,0.0164462,0.01600989,0.0004118347,0.03967106,0.01476195,0.02009701,0.01305356,0.01066977,0.06038181,0.002567946,0.01274995,0.009582508,0.03083761,0.02481759,0.001767376,0.001232968,0.02383246,0.0002444926,0.01285507,0.03413395,0.07142958,0.1061869,0.004209746,0.008721046,0.008180182,0.02584905,0.03323454,0.002078697,0.001003015,0.002184337,0.0394519,0.07716306,0.003966738,0.02025395,0.02858369,0.02972993,0.05864582,0.003076131,0.01701732,0.0001189355,0.02712724,0.000744204,0.02806224,0.0006545413,0.02098944,0.01178404,0.2598175,0.1112475,0.03407831,0.002233081,0.003919872,0.1016729,0.001285472,0.001223957,0.01831469,0.008060914,0.01929698,0.008662718,0.01418819,0.000568782,0.002601562,0.03073595,0.0122712,0.02781873,0.01146369,0.02609247,0.07446965,2.792632E-05,0.0135648,0.1576192,0.02795409,0.0189618,0.004230736,0.02460407,0.04752156,0.01646498,0.02049996,0.01567834,0.00259433,0.01448276,0.06578349,0.0146916,0.004151893,
089c3a16.jpg,0.0008541858,0.002097705,0.006930898,0.0383655,0.007250331,0.01809107,0.004435735,0.009874288,0.03131621,0.004073835,0.008236312,0.06381717,0.07602262,0.006225411,0.01702624,0.008563179,0.004177452,0.002893687,0.007617671,0.01944949,0.001778528,0.0003939566,0.02219942,0.01070343,0.05971299,0.1650978,5.066884E-05,0.03425668,0.03249684,0.0003911779,0.02617927,0.004252315,0.0007210064,0.02207218,0.0007782187,0.02681257,0.0198218,0.03084539,0.1416283,0.01554282,0.00305581,0.01030233,0.023871,0.003421867,0.009300106,0.09616787,0.01359662,0.001314314,0.01475489,0.01148105,0.06305619,0.01096794,0.0004784472,0.001339539,0.02459405,0.04173069,0.006868302,0.0003711346,0.05202694,0.02300082,0.0304416,0.005721693,0.004360633,0.02289093,0.004410401,0.01262722,0.02767806,0.003311503,0.001930802,0.04161763,0.008318156,0.01216014,0.004049204,0.003606857,0.008778322,0.01244011,0.0004809638,0.006942584,0.0241242,0.005494644,0.03517734,0.01620039,0.0113532,0.01070876,0.002587155,0.002392504,0.009065499,0.001067005,0.08614392,0.0007784224,0.006658134,0.05593291,0.001772309,0.008190789,0.001220256,0.004676802,0.002403946,0.0129008,0.000291009,0.03380719,0.0243899,
091c3a16.jpg,0.02179419,0.03595529,0.002021128,0.02612277,0.002804477,0.01506656,0.007934509,0.06494498,0.002413699,0.03399069,0.009061113,0.1068183,0.04196825,0.07569839,0.03450115,0.00781281,0.01151265,0.0233831,0.1327934,0.09392325,0.03143815,0.002067366,0.1484271,0.006680851,0.05157561,0.0467395,0.04214016,0.01780054,0.1133796,0.02280089,0.08099526,0.01364094,0.02232001,0.1421354,0.005524653,0.01710496,0.1067548,0.001042917,0.01234545,0.02739626,0.02068543,0.03168232,0.02212536,0.1150494,0.03553553,0.001890207,0.02705375,0.005981396,0.02296093,0.01229392,0.06976707,0.01098051,0.0009718872,0.1703742,0.03185652,0.03096257,0.1912158,0.01709404,0.00302562,0.05000161,0.06660558,0.00149122,0.006564525,0.001570542,0.02425,0.003442476,0.003531,0.007123297,0.02832552,0.01580163,0.005977965,0.003556411,0.04440398,0.02404376,0.01220403,0.06354493,0.1006892,0.0007353302,0.008276536,0.01254775,0.003635312,0.02277037,0.01114364,0.0711976,0.03725916,0.003482541,0.005524736,0.02277916,0.0002578159,0.0008832817,0.2387002,0.03079969,0.01748455,0.03026625,0.00889313,0.01413032,0.01183204,0.09136468,0.01076137,0.03775274,0.1214105,
092c3a16.jpg,0.1448845,0.0487017,0.006441833,0.01194558,0.04228888,0.02251353,0.05051181,0.002124717,0.1493651,0.03093596,0.01381551,0.05604565,0.008921288,0.01238592,0.01892074,0.01504909,0.09442696,0.01452642,0.03576157,0.008174899,0.006106854,0.0004817602,0.1432948,0.05008871,0.04886802,0.007813048,0.01141055,0.05304573,0.1111715,0.06994891,0.02050072,0.01187001,0.01130187,0.05193212,0.02714628,0.03668031,0.03979219,0.03398949,0.119247,0.04454578,0.000356315,0.0624079,0.02748669,0.00408379,0.02130758,0.01267793,0.1151453,0.009109619,0.03112674,0.0231577,0.002050129,0.05332903,0.01664379,0.04122133,0.001152553,0.0132429,0.01048147,0.01064873,0.007462881,0.03041236,0.02859196,0.04514464,0.02826784,0.03753779,0.004491388,0.03992519,0.01441417,0.150237,0.009326437,0.07138428,0.07562733,0.05105451,0.04747755,0.01342686,0.1366322,0.1556069,0.03792101,0.0763596,0.001970463,0.0001038418,0.04305868,0.1708187,0.02812922,0.03547435,0.08717214,0.00428261,0.17648,0.002026652,0.001430735,0.001513767,0.06371274,0.470868,0.00767324,0.0229988,0.009832011,0.007515452,0.02300496,0.02658444,0.003608763,0.01475311,0.01345573,
093c3a16.jpg,0.001400912,0.03234216,0.0313489,0.03279985,0.001946211,0.0307801,0.009630909,0.005521781,0.06648646,0.01832599,0.001729671,0.07868314,0.001941983,0.01495934,0.05944169,0.01565274,0.07095657,0.01013538,0.1554815,0.01548302,0.07731663,0.0001399666,0.01301067,0.02344523,0.002213231,0.02210228,0.07127197,0.06259969,0.001094997,0.009809398,0.005400163,0.09391564,0.006532873,0.09104234,0.03060008,0.0002547723,0.0002288627,0.03305478,0.03147304,0.004679819,0.03312784,0.01766161,0.02203869,0.005367478,0.02090866,0.01550995,0.0110385,0.009339711,0.04167749,0.01013723,0.007946854,0.02088763,0.01203497,0.05292971,0.01802488,0.01659932,0.01067421,0.02854194,0.0281092,0.02061347,0.001681196,0.002818999,0.0003783924,0.01662006,0.1044396,0.01864684,0.04511937,0.05976018,0.02713652,0.06586669,0.005743905,0.0165524,0.01284457,0.006498927,0.01837485,0.1223617,0.006604428,0.01636051,0.02329653,0.07298954,0.1695011,0.005126261,0.06230613,0.005814638,0.0311351,0.01491765,0.002588253,0.01253821,0.01614408,0.01255598,0.01141327,0.03445807,0.09052071,0.02879573,0.0183179,0.01415386,0.01297626,9.138801E-05,0.004843174,0.05171555,0.08784864,
095c3a16.jpg,0.01227877,0.0428537,0.04744567,0.0004132608,0.01383727,0.01671817,0.0007532703,0.005065442,0.008160929,0.001434785,0.01424903,0.0821868,0.01104682,0.03448778,0.002493982,0.08872869,0.004235346,0.004953782,0.01467741,0.03891971,0.09911558,0.02137055,0.02118039,0.1048418,0.008529049,0.02658085,0.004844017,0.01575181,0.001697193,0.001812622,0.01928617,0.008621707,0.007635673,0.03774375,0.006428855,7.606451E-05,0.02619864,0.003845081,0.006856721,0.004183251,0.008372228,0.0006009152,0.001884709,0.002488597,0.08417632,0.02431202,0.04659447,0.02635907,0.0004334944,0.06671542,0.01024317,0.00310145,0.005036286,0.000883537,3.885965E-05,0.01366209,0.01181503,0.0119401,0.01943102,0.269049,0.004543955,0.01489532,5.762568E-05,0.001350613,0.01861401,0.001651779,0.01062544,0.02029162,0.01295883,0.00108584,0.006631102,0.03225516,0.02384994,0.003423668,0.05802581,0.007430686,0.04901573,3.144891E-05,0.002094919,0.01589091,0.02600325,0.02993834,0.02389423,0.01629884,0.07673629,0.02303928,0.006393528,0.004080507,0.004981264,0.006897129,0.0007039906,0.01693835,0.03238917,0.002565751,0.5393797,0.0004010473,0.01558908,0.003007161,0.03925993,0.03613384,0.009414966,
097c3a16.jpg,0.01366378,0.05351691,0.038137,0.01520274,0.002215423,0.09624263,0.003095041,0.02198068,0.007011181,0.08030447,0.03868679,0.01125043,0.02436239,0.01883028,0.01193836,0.02751399,0.02378224,0.08271151,0.04832659,0.002374656,0.0152725,0.02284845,0.05471853,0.00506589,0.02711868,0.01471001,0.00478828,0.001782988,0.02304423,0.02793745,0.04900407,0.01943037,0.003376028,0.01864089,0.01450446,0.0004912665,0.04531155,0.008504929,0.002403078,0.00764411,0.0745467,0.002809033,0.02824675,0.05273579,0.002132091,0.03165914,0.01367431,0.006502379,0.007803608,0.01327537,0.02426182,0.001875646,0.006329588,0.01495897,0.03809202,0.001925208,0.05238916,0.06424446,0.003870321,0.007801298,0.01174175,0.02971454,0.06079537,0.02598521,0.01870542,0.01421375,0.0127401,0.03218245,0.1116811,0.00574936,0.006461462,0.01247171,0.1709498,0.03852475,0.03498302,0.06088903,0.07481465,0.01476208,0.01139159,0.01273663,0.04429223,0.0472625,0.002104842,0.0479937,0.007827114,0.04592121,0.1105667,0.006150079,0.002976228,0.06434955,0.02490571,0.003511341,0.004568817,0.007843893,0.003959948,0.00438579,0.5354905,0.02860412,0.03065567,0.002690174,0.02555146,
098c3a16.jpg,0.003098484,0.06349804,0.02221138,0.0005202608,0.052355,0.007240213,0.05139604,0.02463041,0.05161486,8.661978E-05,0.01932392,0.01721597,0.02495559,0.02585135,0.05810965,0.06384452,0.1049522,0.02477977,0.004568034,0.01486304,0.02183595,0.05240281,0.005944522,0.01650582,0.01301892,0.0196058,0.008320503,0.01237206,0.05041476,0.02050872,0.006504246,0.05209595,0.07541333,0.01228237,0.02343531,0.01065213,0.05865688,0.06722808,0.0302978,0.03836323,0.000295453,0.03058495,0.00823095,0.005338849,0.00543296,0.2258532,0.06173714,0.02908593,0.02736748,0.04047032,0.009101417,0.002502711,0.1144543,0.007567895,0.006943685,0.06303009,0.03544841,0.003664191,0.08905114,0.002317048,0.009213375,0.05181883,0.0015431,0.04125753,0.02874117,0.03982757,0.01547114,0.003617203,0.002696703,0.07654364,0.02884527,0.007590428,0.01804556,0.01377416,0.01055802,0.01239966,0.01482305,0.008304535,0.1404064,0.003176305,0.04444358,0.04007334,0.06094213,0.03771504,0.0009750774,0.004051555,0.01167084,7.324923E-05,0.0104682,0.03021878,0.01303109,0.01474907,0.0005034551,0.0005345648,0.09896885,0.01672807,0.01810675,0.2429575,0.007346233,0.0009004457,0.005495708,
100c3a16.jpg,0.007201796,0.002458473,0.01807381,0.002737737,0.0004571989,0.007753136,0.02228625,0.002726613,0.0162685,0.003615016,5.121111E-05,0.003916171,0.0209014,0.003356571,0.01071145,0.04461572,0.006932767,0.02989693,0.0951556,0.002710629,0.005338259,0.002606809,0.02517089,0.001160073,0.07591578,0.0269892,0.019857,0.008724475,0.008407548,0.02578277,0.06800472,0.007899088,0.01745267,0.01683031,0.003724554,0.05285735,0.03145047,0.008944569,0.0006910598,0.0110215,0.001418189,0.0402586,0.003379182,0.0134805,0.08414547,0.02079583,0.02810406,0.0079302,0.00896565,0.006789266,0.01531921,0.009887979,0.0003196747,0.007287901,0.01293239,0.01905436,0.006284556,0.005519346,0.09346493,0.00266232,0.01435585,0.02071305,0.0009369866,0.01741955,0.01483451,0.005279326,0.02652664,0.03341497,0.002482695,0.001663094,0.002046066,0.02873833,0.00818819,0.02758132,0.009544341,0.06052631,0.141175,0.01783121,0.001468815,3.064924E-05,0.0555291,0.01152519,0.002941277,0.01234242,0.01022056,0.002468725,0.07187298,0.002092927,0.0003528917,0.1820622,0.007214014,0.028655,0.001130847,0.001608061,0.01070745,0.004515972,0.01068431,0.006145311,0.06801146,0.3612327,0.0009858005,
101c3a16.jpg,0.03506714,0.01058179,0.03216241,0.05035061,0.1702467,0.05686629,0.00129609,0.07592699,0.03800306,0.00967467,0.02522745,0.0103158,0.01021043,0.05154821,0.02562118,0.02357128,0.006255274,0.004175678,0.02019582,0.004151777,0.01430572,0.00971057,0.02482451,0.01776175,0.0112996,0.02449642,0.0127323,0.02194025,0.03339911,0.003035316,0.005686735,0.07204044,0.03214312,0.04305767,0.00644018,0.0002838036,0.02582684,0.02864175,0.03720037,0.02639634,1.477466E-06,0.1120055,0.01554075,0.02319542,0.004332006,0.03472595,0.007877734,0.09662198,0.00253638,0.005721372,0.01384959,0.01561284,0.007790572,0.02806618,0.003814941,0.01039275,0.04067074,0.01761584,0.01203535,0.02962286,0.03153143,0.05667428,0.0005327371,0.0114435,0.01734935,0.01498748,0.003054124,0.009797392,0.009596461,0.02358329,0.02389413,0.01491101,0.05868328,0.03643139,0.01932942,0.01698491,0.05771587,0.02288167,0.02897739,0.008947507,0.01872532,0.01870755,0.1185522,0.06459174,0.106701,0.02305872,0.009981269,0.002562954,0.04284947,0.003629483,0.03740761,0.03250578,0.001786912,0.05942158,0.1056189,0.001452113,0.08968968,0.004622748,0.003645774,0.0005278905,0.212271,
